trial,arm,order_id,side,intended_size,filled_size,fill_rate,decision_price,avg_fill_price,implementation_shortfall,vwap_slippage,timed_out,tick_to_trade_us,fees_paid
0,sor,0,SELL,1592,1592,1,10002.5,10002,796,0.5,0,184.9,1.4328
0,sor,1,SELL,597,597,1,10003.5,10002,890.5,1.49162,0,120.4,0.5373
0,sor,2,BUY,8789,8789,1,10003.5,10009.6,53932.5,-10.2965,0,4205.5,4.0167
0,sor,3,SELL,629,629,1,10003.5,10002,943.5,1.5,0,117.5,0.5661
0,sor,4,BUY,4273,4273,1,10003.5,10004,2136.5,0.5,0,6732.5,2.2257
0,sor,5,BUY,8592,8592,1,10003.5,9999.46,-34674,-4.03561,0,11295.1,3.7989
1,sor,0,BUY,3018,3018,1,10005.5,10006,1509,0.5,0,9104.6,1.2177
1,sor,1,SELL,2663,2663,1,10005.5,10004,3992.5,1.49925,0,452.7,1.0737
1,sor,2,BUY,719,719,1,10005.5,10006,359.5,0.5,0,144.7,0.6471
1,sor,3,BUY,8348,8348,1,10005,10017.5,104253,12.4884,0,563.2,3.7116
1,sor,4,BUY,2621,2621,1,10005,10006.4,3617,0.380008,0,980.3,1.4409
1,sor,5,SELL,5724,5724,1,10097,10039.9,326835,57.0991,0,265.7,3.6396
2,sor,0,BUY,4881,4881,1,10003.5,10005,7293.5,1.49426,0,23114.9,2.8674
2,sor,1,BUY,1961,1961,1,10004.5,10005,980.5,0.5,0,3963.3,1.1439
2,sor,2,SELL,2239,2239,1,9921.5,9907.89,30478.5,13.6126,0,191.5,0.7623
2,sor,3,BUY,8928,8928,1,9912,9949,330308,36.9969,0,2980.1,2.7882
2,sor,4,BUY,6738,6738,1,9912,9938.66,179635,26.66,0,305.8,3.4818
2,sor,5,BUY,9111,9111,1,9959,9934.5,-223180,-24.4957,0,590.1,1.4538
3,sor,0,SELL,4641,4641,1,10007,10005.7,6153,1.32579,0,481,2.3706
3,sor,1,SELL,2889,2889,1,10007.5,10003.5,11552.5,3.99879,0,1471.9,1.8873
3,sor,2,SELL,9003,9003,1,10007,10004.4,23291,3.58703,0,15966.8,4.6901
3,sor,3,BUY,768,768,1,10006.5,10008,1149,1.49609,0,120,0.6912
3,sor,4,BUY,9071,9071,1,10007,10003.3,-33353,-3.67688,0,11702.1,4.5081
3,sor,5,SELL,8495,8495,1,10006.5,9994.95,98146.5,11.5534,0,738.4,3.5604
4,sor,0,BUY,8637,8637,1,9988.5,9976.89,-100250,47.8557,0,124944,4.428
4,sor,1,BUY,3210,3210,1,9851,9855.4,14115,4.3972,0,127178,1.7955
4,sor,2,SELL,5820,5820,1,9856,9895.47,-229714,2.53024,0,11192.6,0.582
4,sor,3,SELL,3111,3111,1,9856,9980.56,-387504,2.46938,0,5232.1,0.3111
4,sor,4,BUY,2801,2801,1,9991.5,10020.1,80234.5,-16.2328,0,455.7,0.7499
4,sor,5,BUY,3482,3482,1,10100,10081.5,-64333,-18.4759,0,463.1,0.7451
5,sor,0,SELL,1172,1172,1,9870.5,9970.2,-116854,-99.7048,0,614,0.1316
5,sor,1,BUY,6462,6462,1,9873,9893.05,129552,20.0483,0,575.8,3.4371
5,sor,2,SELL,2163,2163,1,10142,10141.9,228,0.105409,0,710.6,1.2447
5,sor,3,BUY,7048,7048,1,10089.5,10103.3,97479,13.8307,0,554.8,1.8963
5,sor,4,BUY,869,869,1,10102,10087,-13052,-15.0196,0,211.9,0.0869
5,sor,5,SELL,8811,3332,0.378164,10115,10093,73274,14.9332,1,804,1.1351
6,sor,0,SELL,2651,2651,1,10102.5,10085.3,45550.5,17.1824,0,201.7,1.7811
6,sor,1,SELL,8006,8006,1,10151.5,10139.4,97243,12.1463,0,2122.7,2.5421
6,sor,2,SELL,7537,7537,1,10154,10151,22375,17.8499,0,551.3,3.6999
6,sor,3,SELL,5033,5033,1,10282,10252.6,147789,-14.3137,0,485.9,1.64
6,sor,4,BUY,5492,5492,1,10108.5,10140.5,175727,31.9969,0,502.5,1.1405
6,sor,5,SELL,8608,8608,1,10157.5,10116.8,350667,40.7373,0,1032.5,2.011
7,sor,0,SELL,8074,8074,1,9850.5,9876.27,-208084,22.8402,0,1222.4,4.221
7,sor,1,BUY,4826,4826,1,9950,9960.99,53038,47.5914,0,493.8,2.2968
7,sor,2,SELL,5570,5570,1,10052,10043.2,49267,8.84506,0,246,3.1986
7,sor,3,BUY,2227,1714,0.769645,10118.5,10120.9,4110,2.8979,1,513,0.6291
7,sor,4,SELL,5502,5502,1,10026,9998.7,150179,27.2953,0,520.5,1.182
7,sor,5,BUY,5977,5977,1,9991,10019.1,168045,23.7499,0,1238.4,1.4158
8,sor,0,SELL,9333,9333,1,9489.5,9482.87,61899.5,31.4019,0,647.2,2.3103
8,sor,1,SELL,6748,6748,1,9218.5,9157.05,414694,2.17327,0,569.7,1.7764
8,sor,2,SELL,3806,3806,1,9313.5,9301.81,44507,-4.4973,0,1240.8,0.6965
8,sor,3,SELL,7792,7792,1,9064,9016.04,373708,38.0704,0,9335.3,1.8241
8,sor,4,SELL,9290,9290,1,9007.5,9057.26,-462260,-49.7589,0,1421.5,0.9602
8,sor,5,BUY,4387,4387,1,9020.5,9032.4,52208.5,11.9007,0,642.6,1.1839
9,sor,0,SELL,2063,2063,1,10135,10133.7,2753,1.33446,0,444.9,1.1817
9,sor,1,BUY,9412,9412,1,9997.5,10000.6,29618,40.3286,0,652.5,2.5288
9,sor,2,BUY,8054,8054,1,9793.5,9807.96,116460,14.0846,0,308,4.9158
9,sor,3,SELL,5529,5529,1,9737.5,9735.66,10196.5,1.84419,0,510.9,2.0601
9,sor,4,BUY,8546,8546,1,9748,9740.47,-64318,-7.52609,0,607.4,2.3774
9,sor,5,SELL,1800,1800,1,9710,9704.72,9508,5.28222,0,184,0.8424
10,sor,0,BUY,2168,2168,1,9875,9898.78,51551,-31.2219,0,141.1,1.9512
10,sor,1,SELL,4211,4211,1,9852,9854.42,-10192,1.40969,0,472.1,1.1663
10,sor,2,BUY,4298,4298,1,9994.5,9917.2,-332232,-61.7992,0,326.5,0.4634
10,sor,3,SELL,6210,6210,1,9984.5,9959.59,154698,-33.8683,0,866.3,2.2194
10,sor,4,SELL,5453,5453,1,9779.5,9779.38,635.5,0.116541,0,513,1.6199
10,sor,5,SELL,6432,3689,0.573539,9585,9564.61,75207,20.3868,1,2259.7,1.2518
11,sor,0,SELL,4164,4164,1,10000,9988.44,48125,11.5574,0,569.8,2.43
11,sor,1,BUY,7188,7188,1,9869,9872.76,27039,-7.90298,0,548.7,2.9997
11,sor,2,BUY,8177,8177,1,9997,9972.17,-203018,26.6033,0,1882.3,2.5808
11,sor,3,SELL,842,842,1,9819,9811.45,6360,-4.44656,0,173.3,0.4122
11,sor,4,SELL,7629,7629,1,9672.5,9663.51,68552.5,-5.01337,0,574.9,3.2967
11,sor,5,SELL,860,860,1,9693.5,9670,20210,23.5,0,175.7,0.086
12,sor,0,BUY,8032,4360,0.542829,10166.5,10196.7,131464,30.1523,1,677.3,1.7401
12,sor,1,BUY,8549,8549,1,10027.5,10040.9,114664,-10.676,0,2018.9,2.8502
12,sor,2,SELL,3418,3418,1,10151.5,10149.7,6320,1.84903,0,492.1,1.087
12,sor,3,SELL,2942,2942,1,9974.5,9957.62,49659,15.2434,0,447.3,0.7316
12,sor,4,SELL,5326,5326,1,9885.5,9881.66,20457,6.34097,0,500.5,1.7721
12,sor,5,SELL,3861,3861,1,9868.5,9878.55,-38794.5,18.1479,0,467.8,0.7506
13,sor,0,SELL,1024,1024,1,9895.5,9919.31,-24380,-29.077,0,179.9,0.1024
13,sor,1,SELL,8375,7429,0.887045,9895.5,9920.01,-182085,20.6522,1,864.6,1.4903
13,sor,2,SELL,4492,4492,1,9855,9850.52,20137,-6.52825,0,13629.8,2.2608
13,sor,3,BUY,7227,7227,1,9853,9857.94,35726,-0.168904,0,591.5,2.2212
13,sor,4,BUY,3190,3190,1,9858.5,9876.32,56849,9.44902,0,202.9,1.8558
13,sor,5,BUY,1947,1947,1,9885.5,9920.43,68013.5,34.9325,0,177.3,0.8667
14,sor,0,BUY,7171,7171,1,9920,9947.61,198004,27.6118,0,570.7,2.3533
14,sor,1,BUY,5684,5684,1,9940,9976.72,208737,5.72361,0,255,1.5404
14,sor,2,BUY,7348,7348,1,9951,9993.9,315257,20.2179,0,307.4,4.2804
14,sor,3,SELL,5288,5288,1,10006.5,9945.52,322461,60.9798,0,619.3,1.2092
14,sor,4,SELL,8528,8528,1,9998,9992.12,50185,0.884733,0,571.5,4.3515
14,sor,5,BUY,3499,3499,1,10010.5,10021.9,40040.5,-10.356,0,460.8,1.0755
15,sor,0,SELL,1824,1824,1,10141,10143,-3651,23.4396,0,430.1,0.7371
15,sor,1,BUY,705,705,1,10280.5,10254.4,-18405.5,-26.1071,0,175.6,0.0729
15,sor,2,SELL,8291,8291,1,10169.5,10134,294456,1.6152,0,571.3,3.0393
15,sor,3,SELL,5892,5892,1,10292,10274.1,105257,2.08399,0,681.4,1.3749
15,sor,4,SELL,1617,1617,1,10314,10332,-29106,-18,0,179.7,0.1617
15,sor,5,SELL,4581,4581,1,10443,10435.6,33865,7.39249,0,495.6,1.503
16,sor,0,SELL,7219,7219,1,9859,9851.24,56028,2.68292,0,8514.1,3.0384
16,sor,1,SELL,3306,3306,1,9870,9860.09,32777,-8.07446,0,7100.1,0.7923
16,sor,2,SELL,7157,7157,1,9641,9663.76,-162896,23.5335,0,19388.9,1.9469
16,sor,3,SELL,3652,3652,1,9829.5,9803.72,94135,-13.9364,0,8745.3,1.9692
16,sor,4,SELL,9155,9155,1,9860,9836.46,215475,23.0643,0,3067.1,4.0815
16,sor,5,BUY,7770,7770,1,9869.5,9902.86,259233,-0.659087,0,10125.1,1.7247
17,sor,0,BUY,9245,9245,1,9940.5,9937.26,-29925.5,38.1047,0,616.1,2.3015
17,sor,1,BUY,6086,6086,1,9802,9788.67,-81155,17.5857,0,779.2,1.2013
17,sor,2,SELL,7940,7940,1,9633,9603.51,234170,3.01418,0,583.8,2.5965
17,sor,3,SELL,6810,6810,1,9852.5,9826.35,178053,24.4381,0,527.5,1.9818
17,sor,4,SELL,4205,4205,1,9931.5,9936.35,-20409.5,24.8187,0,483.7,0.9875
17,sor,5,BUY,4707,4707,1,9916,9936.1,94615,3.91079,0,534.6,1.4904
18,sor,0,BUY,9477,9477,1,9992,9991.64,-3370,-0.355598,0,616.3,4.7871
18,sor,1,SELL,3922,3922,1,9992,9986.7,20797,5.30265,0,788.9,1.9908
18,sor,2,BUY,1990,1990,1,9992,9984.66,-14602,-7.33769,0,200.7,1.251
18,sor,3,BUY,9305,9305,1,9991.5,9984.34,-66593.5,-7.15674,0,676.8,4.1814
18,sor,4,BUY,5694,5694,1,9992,9985.61,-36372,-6.38778,0,503.4,2.7675
18,sor,5,BUY,4962,4962,1,9992,9995.31,16414,3.30794,0,5120.1,1.4439
19,sor,0,BUY,1618,1618,1,10002,10003,1618,1,0,369,1.4562
19,sor,1,SELL,6975,6975,1,10001.5,9996.39,35649.5,5.11104,0,583.5,2.0097
19,sor,2,SELL,7953,7953,1,9869,9908.19,-311643,-39.1856,0,258.4,0.7953
19,sor,3,SELL,1469,1469,1,10123.5,10107.1,24107.5,16.4108,0,179.5,0.8469
19,sor,4,BUY,3248,3248,1,10197,10192.5,-14573,-5.48676,0,452.4,0.7055
19,sor,5,SELL,6685,6685,1,10236,10214.3,144999,-14.0909,0,542.4,3.6891
20,sor,0,SELL,2084,2084,1,9950,9950.75,-1555,-0.746161,0,200.8,0.2084
20,sor,1,SELL,5527,5527,1,10125,10099.1,143055,-18.1111,0,502.4,1.4599
20,sor,2,BUY,735,735,1,10161,10178.5,12828,17.4531,0,5144.1,0.0783
20,sor,3,SELL,3457,3457,1,10161.5,10162,-1719.5,-8.9974,0,452.3,1.3833
20,sor,4,BUY,8391,8391,1,10089.5,10116.9,230256,30.22,0,627.4,2.4348
20,sor,5,BUY,9651,9651,1,9975,9992.28,166788,31.4329,0,661.6,5.238
21,sor,0,SELL,8784,8784,1,10620,10615.3,40872,4.65301,0,3483.5,3.9582
21,sor,1,SELL,8205,8205,1,10415.5,10430.5,-122914,33.9519,0,595.4,2.2785
21,sor,2,BUY,8808,6668,0.757039,9964.5,10025.6,407429,12.5046,1,4681.4,1.4828
21,sor,3,BUY,8293,8293,1,9954,9907.04,-389471,35.1865,0,589,1.9314
21,sor,4,SELL,4573,4573,1,9826.5,9802.23,110968,20.9422,0,1196.2,1.2268
21,sor,5,BUY,1162,1162,1,9463.5,9521.88,67843,56.8847,0,195.9,0.117
22,sor,0,BUY,9817,9817,1,10228,10234.8,66429,6.76673,0,1066.7,3.6702
22,sor,1,SELL,8786,8786,1,10045.5,10031.9,119611,13.6138,0,760.6,1.9951
22,sor,2,BUY,699,699,1,10017.5,10018.9,1002.5,0.934192,0,117.5,0.6291
22,sor,3,BUY,9127,9127,1,10188,10206.8,171259,18.764,0,619.5,3.8835
22,sor,4,BUY,3817,3817,1,10267.5,10254.6,-49255.5,16.1612,0,469.5,0.8515
22,sor,5,BUY,6903,6903,1,10124,10167.7,301324,43.6512,0,533.9,1.6542
23,sor,0,SELL,6486,6486,1,10144,10094.3,322205,49.677,0,551.2,2.2929
23,sor,1,SELL,6702,6702,1,10083,10052,207507,-20.5307,0,290.4,4.2606
23,sor,2,BUY,879,879,1,10055.5,9991.81,-55985.5,-63.6923,0,173.7,0.1431
23,sor,3,BUY,8173,8173,1,10003.5,10029.2,210274,-3.9923,0,590.3,2.089
23,sor,4,SELL,8545,8545,1,10055,10052.7,19413,12.4438,0,2067.3,3.7026
23,sor,5,BUY,5745,5745,1,10114,10089.2,-142346,-24.7774,0,2309.2,0.5881
24,sor,0,SELL,9971,9971,1,10021.5,10027,-54351.5,33.2374,0,671.2,3.4254
24,sor,1,SELL,4610,4610,1,9853.5,9866.26,-58804,-12.2557,0,473.3,2.0187
24,sor,2,SELL,6191,6191,1,9790,9777.51,77332,6.92164,0,551.6,1.5975
24,sor,3,BUY,6067,6067,1,9649,9666.41,105598,21.5299,0,513.3,3.357
24,sor,4,BUY,539,539,1,9814,9733,-43659,-62,0,172.3,0.0539
24,sor,5,BUY,1973,1973,1,9789,9727.04,-122238,-1.36578,0,187,0.1989
25,sor,0,SELL,6347,6347,1,9894,9908.1,-89490,10.4488,0,669.5,1.4195
25,sor,1,SELL,1122,1122,1,9987,10028.1,-46095,-34.9494,0,176.8,0.1122
25,sor,2,BUY,2952,2952,1,10055.5,10031.6,-70579,-3.0388,0,202.9,0.684
25,sor,3,SELL,6737,6737,1,9912.5,9906.22,42287.5,6.2769,0,4251.4,0.7697
25,sor,4,BUY,3400,3400,1,9897,9923.72,90843,-4.28147,0,3557.2,1.2024
25,sor,5,SELL,1183,1183,1,9955,9978.1,-27332,4.39337,0,7868,0.3759
26,sor,0,BUY,8487,8487,1,9992.5,9993.93,12097.5,2.12822,0,654.7,3.9096
26,sor,1,BUY,3909,3909,1,9993,9994,3909,5,0,7232.3,2.2626
26,sor,2,BUY,4206,4206,1,9993,9994,4206,8.81592,0,19762.1,2.4219
26,sor,3,BUY,5883,5883,1,9993,9991.56,-8489,-0.442971,0,1038.8,2.9106
26,sor,4,SELL,1284,1284,1,9993,9992,1284,1,0,406.5,1.1556
26,sor,5,BUY,8319,8319,1,9993,9990.52,-20650,-2.48227,0,2039.6,4.0014
27,sor,0,BUY,6224,6224,1,10009,10016.8,48781,7.83756,0,4259.9,1.8536
27,sor,1,SELL,1641,1641,1,10125,10121,6597,4.02011,0,133.3,1.4769
27,sor,2,BUY,9641,9641,1,10104.5,10114.5,96765.5,10.0369,0,1237.4,1.0649
27,sor,3,BUY,8801,8801,1,10155.5,10170.4,130934,11.7258,0,4203.4,2.3786
27,sor,4,SELL,5336,5336,1,10129.5,10092.7,196133,6.28347,0,485,1.8377
27,sor,5,SELL,8260,8260,1,10092.5,10084.8,63834,7.06992,0,625,1.9681
28,sor,0,SELL,1636,1636,1,9963.5,9948.09,25214,15.412,0,480.6,0.1636
28,sor,1,BUY,4773,4773,1,9988,10002.3,68448,14.3407,0,233.2,0.4773
28,sor,2,SELL,528,528,1,9969.5,9962,3960,-0,0,172.3,0.0528
28,sor,3,SELL,879,879,1,9826.5,9821.42,4462.5,5.07679,0,130.8,0.7911
28,sor,4,BUY,2686,2686,1,9842.5,9856.31,37096,13.8109,0,3701.1,0.787
28,sor,5,SELL,9696,9696,1,9848,9824.58,227069,36.0608,0,617.5,3.6774
29,sor,0,BUY,4393,4393,1,10008.5,10009,2196.5,0.5,0,2380.4,2.3067
29,sor,1,BUY,4098,4098,1,10008,10009,4098,1,0,469.1,2.4867
29,sor,2,SELL,1650,1650,1,10007.5,10007,825,0.5,0,382.5,1.485
29,sor,3,SELL,3044,3044,1,10007.5,10007,1522,0.5,0,3024.7,1.7676
29,sor,4,SELL,6155,6155,1,10007.5,10003.5,24649.5,4.00479,0,5580.3,3.5727
29,sor,5,BUY,5087,5087,1,10134,10013,-615621,2.12722,0,27514.9,0.5087
30,sor,0,BUY,4251,4251,1,9646.5,9672.99,112605,-9.35281,0,5382.8,2.1627
30,sor,1,SELL,5965,5965,1,9402.5,9433.9,-187288,18.307,0,7651.6,1.8801
30,sor,2,SELL,9604,9604,1,9354,9339.92,135269,20.0847,0,2396.4,2.4184
30,sor,3,BUY,7474,7474,1,9393,9395.82,21095,6.73158,0,548.2,2.0515
30,sor,4,SELL,4123,4123,1,9445.5,9447.09,-6572.5,-27.0329,0,28596.5,1.2159
30,sor,5,SELL,539,539,1,9577,9576.19,438,0.812616,0,112.9,0.4851
31,sor,0,BUY,2935,2935,1,9853,9854.17,3448,-23.8863,0,1262.2,1.1683
31,sor,1,SELL,6604,6604,1,9724.5,9722.19,15240,7.48867,0,3934.3,0.8784
31,sor,2,BUY,7824,7824,1,9704,9705.16,9056,1.15746,0,4128.5,3.2427
31,sor,3,SELL,8719,8719,1,9710,9694.6,134259,15.3984,0,3350.5,2.176
31,sor,4,BUY,5821,5821,1,9711.5,9720.06,49813.5,0.0575502,0,508.3,1.8214
31,sor,5,SELL,9300,9300,1,9687,9686.19,7519,0.808495,0,3392.9,2.4042
32,sor,0,BUY,5814,5814,1,10145,10169.9,144596,24.8703,0,11657.6,1.4157
32,sor,1,SELL,838,838,1,10192.5,10129.7,52663,64.6911,0,171.1,0.0846
32,sor,2,SELL,6335,6335,1,10081,10066.3,93138,14.7021,0,554.8,1.9296
32,sor,3,SELL,3052,3052,1,10018.5,10016.8,5169,2.38688,0,439.7,1.0215
32,sor,4,SELL,5917,5917,1,10143,10140.8,13102,27.7102,0,504,2.4633
32,sor,5,SELL,6683,6683,1,10287.5,10283.6,26193.5,4.56857,0,541.7,3.6063
33,sor,0,BUY,6080,6080,1,9920.5,9927.94,45260,40.0767,0,341.5,3.3768
33,sor,1,BUY,3048,3048,1,9822.5,9840.21,53970,17.7067,0,4416,1.6416
33,sor,2,SELL,1364,1364,1,9852,9798.3,73243,53.6972,0,135.7,1.2276
33,sor,3,BUY,5252,4533,0.8631,9979,9988.71,44015,9.70991,1,605,0.7506
33,sor,4,BUY,9697,9697,1,9998,9996.5,-14568,6.21028,0,697.3,2.7603
33,sor,5,SELL,3668,3668,1,9997.5,9993.69,13965,-48.6098,0,457.3,1.4603
34,sor,0,SELL,4822,4822,1,10129,10111,86597,17.9587,0,496,1.4785
34,sor,1,SELL,7788,7788,1,10305.5,10296.1,73322,-9.02413,0,8682.4,2.5137
34,sor,2,BUY,2299,2299,1,10306.5,10303.9,-5954.5,-5.06014,0,5110.1,1.2267
34,sor,3,BUY,2528,2528,1,10467.5,10462.4,-12799,20.9869,0,2890.7,1.1871
34,sor,4,SELL,514,514,1,10468,10414.4,27572,53.642,0,970.2,0.0522
34,sor,5,SELL,2704,2704,1,10468,10467,2704,1,0,5285.3,1.0836
35,sor,0,BUY,7569,7569,1,10090.5,10099.4,67695.5,-6.25045,0,12810.9,2.1357
35,sor,1,BUY,897,897,1,10144.5,10146,1344.5,1.49889,0,26083.3,0.8073
35,sor,2,BUY,946,946,1,10145,10146,946,1,0,589.3,0.8514
35,sor,3,BUY,3058,3058,1,10145,10137.9,-21854,-7.1465,0,6669.7,1.521
35,sor,4,SELL,835,835,1,9903,9900.77,1862,3.54951,0,2665.9,0.3411
35,sor,5,SELL,8829,8829,1,9800,9795.94,35866,4.36659,0,5304,3.3885
36,sor,0,SELL,4933,4933,1,9999.5,9999,2466.5,0.5,0,490.1,2.5632
36,sor,1,BUY,5410,5410,1,9999.5,10001,8094,36.9147,0,558,2.6955
36,sor,2,SELL,7531,7531,1,9999.5,9984.4,113703,12.3506,0,1745.5,3.1491
36,sor,3,BUY,9717,9717,1,9847.5,9856.2,84530.5,4.19924,0,621.9,4.3875
36,sor,4,SELL,4172,4172,1,9655.5,9668.85,-55681,-13.3464,0,2092.5,1.3167
36,sor,5,SELL,2073,2073,1,9723,9721.29,3550,1.71249,0,2037.5,1.0665
37,sor,0,SELL,7586,7586,1,9481,9477.48,26711,54.0343,0,5487.5,2.2814
37,sor,1,BUY,4631,4631,1,9547.5,9519.33,-130476,48.1442,0,3844.9,1.103
37,sor,2,SELL,7068,7068,1,9245,9244.66,2385,0.337436,0,551.7,2.0811
37,sor,3,BUY,8050,8050,1,9186.5,9227.27,328229,20.2738,0,1569.5,5.0634
37,sor,4,SELL,5260,5260,1,9215.5,9176.21,206643,39.2857,0,7153.8,1.3117
37,sor,5,SELL,8329,8329,1,9104.5,9106.09,-13239.5,27.7776,0,582.3,2.8656
38,sor,0,SELL,9795,9795,1,10418.5,10401.3,168412,17.1937,0,2036.2,5.0058
38,sor,1,SELL,9677,9677,1,10473,10464,86830,8.97282,0,4628.4,2.9684
38,sor,2,SELL,9233,9233,1,10455.5,10433.6,202157,21.895,0,604.3,2.6486
38,sor,3,BUY,2179,2179,1,10453.5,10422.3,-68093.5,-31.2499,0,2032.8,0.2179
38,sor,4,SELL,4604,4604,1,10431,10399,147548,32.0478,0,7563.7,2.286
38,sor,5,SELL,2322,2322,1,10419,10415.2,8733,3.76098,0,206.6,0.2322
39,sor,0,BUY,7952,7952,1,10008.5,10022.1,108445,1.70305,0,606.8,3.6603
39,sor,1,SELL,5367,5367,1,10091.5,10080.2,60656.5,11.3018,0,247.5,3.4911
39,sor,2,SELL,1843,1843,1,10154,10158,-7295,-3.95822,0,445.8,0.7407
39,sor,3,SELL,4714,4714,1,10153.5,10148.7,22709,-1.68265,0,1154.5,2.3202
39,sor,4,SELL,8240,8240,1,10142.5,10136.3,50990,6.18811,0,578.6,3.4362
39,sor,5,BUY,5033,5033,1,10142.5,10147.6,25732.5,5.11276,0,2761,2.4993
40,sor,0,SELL,5023,5023,1,9848,9847.94,317,4.83903,0,2470.2,1.3698
40,sor,1,BUY,3639,3639,1,9880,9891.6,42214,11.6004,0,465.4,1.0524
40,sor,2,SELL,7924,7924,1,9884,9873.18,85700,10.8152,0,583.1,1.9345
40,sor,3,SELL,9097,9097,1,9902,9884.86,155933,48.3333,0,602.6,4.1508
40,sor,4,SELL,6196,6196,1,9940,9923.77,100554,19.9899,0,516.4,2.2419
40,sor,5,SELL,4469,4469,1,9999,9995.55,15402,3.44641,0,216.7,2.5317
41,sor,0,BUY,5857,5857,1,9969.5,9983.44,81668.5,13.9437,0,13323.9,1.8817
41,sor,1,SELL,9714,9714,1,9988.5,9949.48,379085,5.5246,0,4236.1,3.4338
41,sor,2,SELL,8367,8367,1,9984.5,9961.22,194801,9.00487,0,2011,1.6224
41,sor,3,BUY,3347,3347,1,9895,9916.64,72415,23.3198,0,12258.2,1.9458
41,sor,4,BUY,7171,7171,1,9868,9888.57,147525,-94.0063,0,4801.5,3.6945
41,sor,5,SELL,8010,8010,1,9880,9930.72,-406304,17.9829,0,303.6,0.801
42,sor,0,BUY,1877,1877,1,9996.5,9997.77,2383.5,1.76985,0,1966.9,0.7578
42,sor,1,BUY,8456,8456,1,9889,9913.18,204453,21.7512,0,6296.8,4.4325
42,sor,2,BUY,9526,9526,1,9918.5,9991.75,697773,13.7493,0,405.7,5.2686
42,sor,3,SELL,3186,3186,1,9866,9945.87,-254471,-79.8716,0,3160.6,0.3186
42,sor,4,BUY,6947,6947,1,9841.5,9841.79,2043.5,10.7681,0,555.9,2.2904
42,sor,5,BUY,7012,7012,1,9850.5,9845.01,-38480,-5.48774,0,538.5,3.6864
43,sor,0,SELL,9597,9597,1,9765,9766.8,-17297,15.8241,0,9365.3,2.9106
43,sor,1,SELL,9796,9796,1,9733,9723,97965,11.7206,0,673.9,3.0506
43,sor,2,SELL,1052,1052,1,9738.5,9793.46,-57814,11.9662,0,425,0.2267
43,sor,3,BUY,7560,7560,1,9817,9824.63,57654,17.6659,0,1347.6,3.078
43,sor,4,BUY,4527,4527,1,9561.5,9590.95,133338,-63.0242,0,6624.3,1.5057
43,sor,5,SELL,6983,6983,1,9581,9580.46,3775,0.540599,0,486.4,1.9295
44,sor,0,BUY,4122,4122,1,9965.5,9955.69,-40425,28.6929,0,518.1,0.9792
44,sor,1,SELL,1584,1584,1,9926.5,10026.2,-157961,-78.5139,0,287.2,0.2808
44,sor,2,SELL,1794,1794,1,9950,9937.16,23040,12.8428,0,445.8,0.3252
44,sor,3,BUY,7432,7432,1,9890.5,9957.39,497141,66.892,0,577.9,3.9645
44,sor,4,BUY,6414,6414,1,9805.5,9833.6,180203,28.0953,0,537.9,2.0994
44,sor,5,BUY,1625,1625,1,9855.5,9869.04,22010.5,13.5449,0,178.9,0.9441
45,sor,0,SELL,5583,5583,1,9990.5,9982.97,42042.5,7.53045,0,6981.3,2.97
45,sor,1,BUY,1326,1326,1,9990.5,9992,1986,1.49774,0,442.8,0.5319
45,sor,2,SELL,9142,9142,1,9979,9969.36,88147,-17.0315,0,7909.7,2.7286
45,sor,3,SELL,2907,2907,1,9962.5,9929.72,95278.5,32.7755,0,211,0.8739
45,sor,4,BUY,6579,6579,1,9953,9968.19,99960,40.9181,0,1294.7,3.483
45,sor,5,SELL,2718,2718,1,9907,9901.62,14629,-6.61773,0,5536.7,0.7641
46,sor,0,BUY,1864,1864,1,10113.5,10111.1,-4551,8.05848,0,2421.4,0.3808
46,sor,1,BUY,4877,4877,1,10116,10039.4,-373479,-76.5797,0,1414.3,0.7994
46,sor,2,SELL,9521,9521,1,10131,10118,123698,1.11073,0,799.3,4.8807
46,sor,3,BUY,7566,7566,1,10134,10087.2,-353954,-46.7822,0,267.1,0.7566
46,sor,4,SELL,944,944,1,10134,10073.1,57516,60.928,0,195.3,0.8496
46,sor,5,SELL,8297,8297,1,10052,10024.7,226339,27.2796,0,602.2,2.2877
47,sor,0,SELL,9231,9231,1,9856,9846.74,85453,4.27027,0,626.4,4.3767
47,sor,1,SELL,5236,5236,1,9877,9863.71,69575,27.3249,0,1470.5,2.0016
47,sor,2,BUY,9973,9973,1,9756,9766.33,103034,6.49275,0,649.5,3.2274
47,sor,3,SELL,512,512,1,9699,9688.6,5324,0.398438,0,12732.8,0.4608
47,sor,4,BUY,8217,8217,1,9722,9739.26,141805,17.2575,0,3141.3,1.9314
47,sor,5,BUY,3563,3563,1,9823,9778.64,-158059,-43.3612,0,460.5,0.737
48,sor,0,SELL,5685,5685,1,10154,10155.5,-8333,8.33283,0,14243.2,2.9295
48,sor,1,SELL,2333,2333,1,10269.5,10237,75730.5,14.2124,0,1049.7,0.2333
48,sor,2,SELL,7501,7501,1,10194,10192.8,9025,-7.15167,0,11077.8,2.0623
48,sor,3,SELL,3373,3373,1,10194.5,10195.1,-1865.5,-0.553068,0,713.9,0.3373
48,sor,4,BUY,5368,5368,1,10216,10260.2,237276,1.31372,0,244.2,2.6064
48,sor,5,BUY,6142,6142,1,10301.5,10299.2,-14304,10.0298,0,1621.6,2.115
49,sor,0,SELL,8528,8528,1,9999,9983.35,133478,15.6517,0,616.2,3.6333
49,sor,1,BUY,4152,4152,1,9999,9999.8,3327,0.801301,0,2909.4,1.3467
49,sor,2,BUY,6611,6611,1,10014,10029.4,101481,15.3503,0,5994.4,2.2595
49,sor,3,BUY,9690,9690,1,10059,10027.6,-304177,45.4947,0,694.9,2.3541
49,sor,4,BUY,1783,1783,1,9968.5,10035.5,119464,26.2248,0,5007.8,0.1791
49,sor,5,SELL,9682,9682,1,9984,9997.36,-129330,23.6814,0,13513.5,1.5026
50,sor,0,SELL,1769,1769,1,9974,9960.36,24131,1.06241,0,1392,0.2633
50,sor,1,SELL,4754,4754,1,9995.5,10020.1,-117108,-24.1336,0,866.4,1.4085
50,sor,2,BUY,6948,6948,1,9992.5,9984.41,-56200,-8.08866,0,550.5,1.6587
50,sor,3,SELL,9878,9878,1,9867.5,9870.89,-33441,-3.3854,0,1821.4,2.8832
50,sor,4,SELL,7672,7672,1,9997,9981.26,120736,-12.065,0,2879.5,2.2122
50,sor,5,SELL,5943,5943,1,9994.5,9980.46,83466.5,14.0445,0,273.1,2.5191
51,sor,0,SELL,1247,1247,1,9996,9995,1247,-11,0,121.7,1.1223
51,sor,1,BUY,1334,1334,1,9996,9997,1334,1,0,144.1,1.2006
51,sor,2,BUY,5151,5151,1,9996,9993.37,-13569,-2.63425,0,1985.4,2.565
51,sor,3,BUY,7119,7119,1,9995.5,9990.83,-33280.5,-4.67488,0,975.3,3.1617
51,sor,4,BUY,2607,2607,1,9996,9997,2607,1,0,655.8,1.4688
51,sor,5,SELL,7837,7837,1,9923,9905.39,138028,43.025,0,6940.4,3.1086
52,sor,0,SELL,4119,4119,1,9980.5,9949.38,128183,-3.33312,0,474.3,1.2111
52,sor,1,BUY,1272,1272,1,9630,9662.46,41286,32.4575,0,4563.5,0.1272
52,sor,2,BUY,7728,7728,1,9630,9676.12,356417,-2.87979,0,595.5,1.9311
52,sor,3,SELL,2777,2777,1,9723.5,9686.61,102453,36.8932,0,5767,0.6827
52,sor,4,SELL,7877,7877,1,9938.5,9912.32,206250,-9.50746,0,5680.6,2.756
52,sor,5,BUY,9031,9031,1,9876.5,9884.55,72691.5,-4.72139,0,858.3,3.6081
53,sor,0,SELL,1584,1584,1,9469,9491.48,-35615,13.3952,0,1869.8,0.4158
53,sor,1,SELL,8398,8398,1,9297.5,9294.24,27337,-4.6544,0,4994.7,2.8089
53,sor,2,BUY,8825,8825,1,9324,9344.03,176758,37.957,0,7659,3.9195
53,sor,3,BUY,6275,6275,1,9140.5,9161.66,132801,17.4409,0,7456,1.5995
53,sor,4,BUY,8566,8566,1,9213.5,9256.61,369262,43.1079,0,554.1,2.0716
53,sor,5,SELL,1761,1761,1,9275,9308,-58113,-33,0,197.3,0.1761
54,sor,0,SELL,2852,2852,1,9943.5,9942.84,1896,0.664797,0,455.4,0.5849
54,sor,1,SELL,7239,7239,1,9883.5,9875.49,57979.5,8.00932,0,555.4,2.3922
54,sor,2,BUY,5488,5488,1,9529.5,9554,134470,-21.3698,0,498.6,2.5821
54,sor,3,BUY,8135,8135,1,9564,9544.17,-161323,40.2923,0,576.8,2.3238
54,sor,4,SELL,2005,2005,1,9088.5,9087.28,2439.5,-5.28845,0,432.6,0.6489
54,sor,5,BUY,6086,5586,0.917844,9058,9083.54,142689,3.26006,1,578.2,1.4901
55,sor,0,BUY,1476,1476,1,9862.5,9863,738,-0.879693,0,1527.3,0.5994
55,sor,1,SELL,6003,6003,1,9607.5,9610.07,-15435.5,-2.5713,0,834.6,1.9008
55,sor,2,SELL,1925,1925,1,9695.5,9699.49,-7675.5,-3.98727,0,191.3,0.1925
55,sor,3,BUY,1037,1037,1,9716.5,9743.12,27603.5,-3.02248,0,4013.1,0.4149
55,sor,4,BUY,2370,2370,1,9741.5,9759.61,42917,18.1084,0,192,0.237
55,sor,5,BUY,4644,4644,1,9425,9437.38,57473,12.3758,0,1306.2,2.2356
56,sor,0,BUY,2695,2695,1,10145,10021.1,-333951,3.08497,0,197.4,1.4751
56,sor,1,SELL,844,844,1,9914,9929.87,-13397,-15.8732,0,179.3,0.09
56,sor,2,SELL,8830,8830,1,9701.5,9697.26,37401,6.45156,0,605,3.2085
56,sor,3,SELL,6325,6325,1,9694.5,9689.64,30727.5,4.8581,0,480.7,2.1013
56,sor,4,SELL,6930,6930,1,9689,9679.43,66317,9.56955,0,638.6,2.2869
56,sor,5,SELL,2429,2429,1,9661,9657.21,9208,5.30845,0,442.8,0.8739
57,sor,0,BUY,7744,7744,1,9548,9547.79,-1633,7.51349,0,1054.7,2.2729
57,sor,1,SELL,2465,2465,1,9629,9625.47,8706,1.65816,0,8182.9,0.99
57,sor,2,SELL,9111,9111,1,9738.5,9722.64,144460,28.0564,0,630,2.5311
57,sor,3,SELL,4862,4862,1,9725,9719.18,28306,5.82188,0,496.4,1.4463
57,sor,4,BUY,8314,8314,1,9715.5,9741.38,215126,16.0701,0,2063.7,2.4352
57,sor,5,BUY,8958,8958,1,9705.5,9730.35,222630,24.8526,0,625.6,3.3393
58,sor,0,BUY,4294,4294,1,9998,9995.25,-11800,13.4121,0,12245.9,1.3374
58,sor,1,SELL,847,847,1,9866,9985.35,-101089,-119.349,0,583.1,0.103
58,sor,2,SELL,7637,7637,1,9882.5,9916.68,-261018,6.41585,0,1105.5,0.7997
58,sor,3,BUY,8867,8867,1,9883,9922.33,348750,39.3312,0,618.4,4.1895
58,sor,4,SELL,9931,9931,1,9951,9995.25,-439438,14.535,0,2107.8,0.9931
58,sor,5,SELL,8165,6268,0.767667,9952.5,9957.46,-31109,-4.96315,1,892.9,0.7918
59,sor,0,BUY,9030,9030,1,10080,10094.6,132102,10.1199,0,29789.3,2.6524
59,sor,1,SELL,7437,7437,1,10147,10147.2,-1354,17.8605,0,3235,3.8691
59,sor,2,BUY,1942,1942,1,10281.5,10278.7,-5474,-2.81874,0,460.9,0.4291
59,sor,3,SELL,1008,1008,1,10260.5,10225,35784,51,0,176.8,0.1008
59,sor,4,SELL,9031,9031,1,10070,10075.8,-52830,12.5224,0,1853.8,1.9126
59,sor,5,BUY,6593,6593,1,10111.5,10063.5,-316697,17.0138,0,2896.1,1.526
60,sor,0,SELL,708,708,1,9836.5,9815.07,15172,21.4294,0,190.8,0.0756
60,sor,1,BUY,5421,5421,1,9826.5,9834.37,42679.5,7.87299,0,501.5,1.8057
60,sor,2,SELL,1539,1539,1,9807,9804.18,4341,3.82066,0,2178.3,0.6156
60,sor,3,BUY,4868,4868,1,9790.5,9811.64,102897,-16.741,0,490.1,1.6029
60,sor,4,SELL,7029,7029,1,9894.5,9853.36,289176,2.20938,0,937.2,1.6992
60,sor,5,BUY,688,688,1,9883,9831.98,-35104,-51.0233,0,175.7,0.0688
61,sor,0,BUY,549,549,1,10053,10071.1,9941,14.2009,0,212.1,0.4941
61,sor,1,BUY,3070,3070,1,10063.5,10068,13815,4.5,0,209.2,0.307
61,sor,2,BUY,9630,9630,1,9942,10005.2,608459,-3.8163,0,616.7,2.8341
61,sor,3,SELL,2083,2083,1,10097,10089.5,15617,-5.90095,0,1617.2,1.1187
61,sor,4,BUY,996,996,1,10137.5,10138.9,1421,6.88967,0,183.6,0.3564
61,sor,5,BUY,4338,4338,1,10057.5,10094.6,160804,37.0687,0,487.5,1.0899
62,sor,0,SELL,4020,4020,1,10003.5,9999.93,14342,-7.85228,0,722.7,2.1762
62,sor,1,SELL,5702,5702,1,9856.5,9856.88,-2152,1.26813,0,2142.3,3.0582
62,sor,2,SELL,2595,2595,1,9849,9843.63,13947,5.37457,0,458.8,0.7641
62,sor,3,BUY,4645,4645,1,9755,9771.33,75830,21.3251,0,482.2,1.332
62,sor,4,BUY,8509,8509,1,9716.5,9720.28,32171.5,1.28088,0,893.2,6.0651
62,sor,5,SELL,6181,6181,1,9686.5,9667.24,119034,8.08051,0,527,2.5659
63,sor,0,BUY,2700,2700,1,10165.5,10176.5,29626,-19.3008,0,30316.5,0.8948
63,sor,1,SELL,9150,9150,1,10070,9986.72,761977,39.0606,0,4653.5,3.2967
63,sor,2,BUY,2601,2601,1,9848,9865.01,44231,42.887,0,26683,0.9801
63,sor,3,BUY,9693,9693,1,9806.5,9816.41,96067.5,11.411,0,9169.9,2.4111
63,sor,4,SELL,4513,4513,1,9683.5,9679.98,15876.5,10.2953,0,3183.4,2.2905
63,sor,5,SELL,750,750,1,9772.5,9757.37,11348,45.7578,0,14348.3,0.075
64,sor,0,BUY,9086,9086,1,10004.5,10004.7,1429,0.157275,0,650.6,4.5945
64,sor,1,SELL,5198,5198,1,10005.5,10004,7629,1.46768,0,1200.2,2.6262
64,sor,2,SELL,3383,3383,1,10005,10004,3383,1,0,451.7,1.9242
64,sor,3,BUY,9287,9287,1,10005,10006,9287,1,0,600.5,4.3083
64,sor,4,BUY,7316,7316,1,10005,10003.7,-9847,-1.34595,0,539.7,3.4497
64,sor,5,SELL,3351,3351,1,10005,10004,3351,1,0,460.9,1.8819
65,sor,0,BUY,5270,5270,1,9902,9913.4,60087,11.4017,0,498.3,2.2482
65,sor,1,SELL,2541,2541,1,9871,9916.5,-115613,29.1308,0,461,0.6966
65,sor,2,SELL,2337,2337,1,9874,9917.47,-101584,-35.4677,0,1051.3,0.3951
65,sor,3,BUY,7767,7767,1,9862.5,9892.77,235128,30.2728,0,826.4,2.178
65,sor,4,BUY,766,766,1,9887,9893.06,4641,6.05875,0,124.8,0.6894
65,sor,5,SELL,4586,4586,1,9898,9955.6,-264166,-2.47816,0,215.1,0.4586
66,sor,0,BUY,5883,5883,1,9908.5,9956.14,280250,-25.5851,0,504.7,3.7017
66,sor,1,BUY,4260,4260,1,9978,9905.88,-307237,0.187177,0,310.1,0.5268
66,sor,2,BUY,5587,5587,1,9977,9909.67,-376170,-67.3295,0,229.9,0.5587
66,sor,3,SELL,3853,3853,1,9987,9976.71,39639,-18.7122,0,466.8,1.171
66,sor,4,SELL,8602,8602,1,10012.5,9993.16,166327,20.3526,0,596.2,3.3462
66,sor,5,SELL,4050,4050,1,9844,9843.09,3693,-0.0881481,0,224.8,1.7658
67,sor,0,BUY,9814,9814,1,10106.5,10102.5,-39346,34.7627,0,1252,2.6149
67,sor,1,BUY,1388,1388,1,10123,10014,-151292,-109,0,178,0.1388
67,sor,2,BUY,4279,4279,1,9864.5,9875.11,45391.5,-12.3535,0,473.8,1.2379
67,sor,3,SELL,8122,8122,1,9871.5,9901.99,-247602,-30.4853,0,1959.5,1.9861
67,sor,4,BUY,5240,5240,1,9886,9902.26,85202,16.2599,0,622.3,1.3988
67,sor,5,SELL,776,776,1,9961,9954.79,4816,6.20619,0,121.3,0.6984
68,sor,0,SELL,9295,9295,1,9927.5,9940.49,-120724,-12.9881,0,718,2.3875
68,sor,1,BUY,626,626,1,9920.5,9985.55,40722,65.0511,0,179.4,0.0626
68,sor,2,BUY,3929,3929,1,9923.5,9971.75,189588,58.7536,0,1009.1,2.4561
68,sor,3,BUY,4394,4394,1,9975,10001.7,117363,26.7098,0,351.8,3.4546
68,sor,4,SELL,3917,3917,1,9966.5,9995.35,-113015,-28.8523,0,481.4,0.5861
68,sor,5,BUY,3192,3192,1,9945.5,10000.2,174457,54.6544,0,215.1,1.6632
69,sor,0,BUY,6312,6312,1,10005.5,10011.5,37608,-20.5418,0,521.5,2.8134
69,sor,1,SELL,7859,7859,1,10005.5,9994.99,82566.5,-36.1116,0,567.7,3.4956
69,sor,2,BUY,5342,5342,1,9752.5,9786.47,181475,33.9714,0,286,3.1446
69,sor,3,SELL,663,663,1,9862.5,9884.61,-14660.5,-22.1124,0,172.9,0.3375
69,sor,4,BUY,5380,5380,1,9927.5,9893.61,-182332,-25.3907,0,503.7,1.3939
69,sor,5,SELL,3499,3499,1,9863.5,9841.14,78240.5,22.3608,0,462,0.7873
70,sor,0,BUY,1362,1362,1,9872,9872.18,247,-42.8803,0,441,0.5412
70,sor,1,BUY,2704,2704,1,9904.5,9899.45,-13668,13.6799,0,813.3,0.6867
70,sor,2,SELL,7512,7512,1,9973,9962.8,76650,10.2037,0,587,3.3993
70,sor,3,SELL,1152,1152,1,9981.5,9974.59,7955,-13.3978,0,444,0.4554
70,sor,4,SELL,4002,4002,1,9906,9940.19,-136837,48.3794,0,472.9,0.9429
70,sor,5,BUY,3832,3832,1,9878,9894.71,64031,16.7096,0,462.2,1.9422
71,sor,0,BUY,9873,9873,1,9989.5,10013.9,241391,24.4497,0,665.8,2.8989
71,sor,1,BUY,1517,1517,1,10063,10070.2,10993,7.24654,0,181.2,0.1517
71,sor,2,SELL,3681,3681,1,10123,10116.7,23089,6.27248,0,464.5,2.0439
71,sor,3,SELL,3037,3037,1,10116,10108.1,23906,7.87158,0,642.5,1.6533
71,sor,4,SELL,7706,7706,1,10040,9993.44,358792,46.5601,0,300.1,4.3218
71,sor,5,BUY,2845,2845,1,10110,10108.2,-5221,16.6637,0,851.3,0.2845
72,sor,0,SELL,8280,8280,1,9897.5,9948.76,-424439,26.4544,0,756.6,1.7688
72,sor,1,BUY,7947,7947,1,9958,10003.4,361056,-13.2419,0,3590.5,2.5794
72,sor,2,BUY,4183,4183,1,9995.5,9998.2,11304.5,2.70249,0,217.3,2.3823
72,sor,3,BUY,1150,1150,1,10023,9997.93,-28829,-25.0687,0,434.2,0.4552
72,sor,4,SELL,4747,4747,1,10103.5,10073.6,141919,29.8967,0,476.1,1.6195
72,sor,5,SELL,1503,1503,1,10040,10011,43661,1.04923,0,190.4,0.4527
73,sor,0,BUY,3298,3298,1,10047,10035.5,-37944,-11.5052,0,459.4,0.6781
73,sor,1,SELL,560,560,1,10150.5,10150,280,0.5,0,123.5,0.504
73,sor,2,BUY,6655,6655,1,10102,10069.4,-217266,-32.647,0,270.7,2.5231
73,sor,3,BUY,3990,3990,1,10230.5,10224.1,-25489,15.6018,0,1174.1,1.1982
73,sor,4,BUY,8822,8822,1,10285,10254.5,-268877,-30.478,0,590.1,2.3699
73,sor,5,BUY,8736,8736,1,10235,10236.2,10239,31.8775,0,594.6,3.1119
74,sor,0,SELL,5108,5108,1,10002.5,9988.64,70787,13.8581,0,271.3,2.9124
74,sor,1,SELL,7150,4767,0.666713,10005,9997.9,33862,7.10342,1,629.9,1.7403
74,sor,2,SELL,2118,2118,1,10015,10051.4,-77169,-36.4348,0,184.9,0.2118
74,sor,3,SELL,6342,6342,1,10014,10000.6,85271,13.4454,0,521.4,1.4523
74,sor,4,SELL,1081,1081,1,10002.5,10002,548.5,-3.2496,0,452.2,0.4329
74,sor,5,BUY,5519,5519,1,9876.5,9881.64,28348.5,11.6365,0,273.1,2.6039
75,sor,0,SELL,7908,7908,1,9998.5,9996.72,14088,1.78149,0,1153.5,3.6099
75,sor,1,BUY,2236,2236,1,9960.5,9953.79,-15001,-4.22496,0,451.2,0.5719
75,sor,2,SELL,3443,3443,1,9866.5,9968.61,-351561,-102.109,0,1042.2,0.4763
75,sor,3,BUY,8477,8477,1,9991,10009.2,154567,18.2337,0,582.5,3.771
75,sor,4,BUY,4053,4053,1,9999.5,10023.1,95590.5,-22.3402,0,8365.1,1.1772
75,sor,5,BUY,1509,1509,1,9986,9969,-25653,-17,0,186.2,0.1509
76,sor,0,SELL,9435,9435,1,9998,9991.95,57055,6.04716,0,1355.4,4.3848
76,sor,1,BUY,5836,5836,1,9997.5,9983.78,-80071,-13.2202,0,577.1,1.9395
76,sor,2,BUY,1332,1332,1,9958.5,9992.78,45664,34.2823,0,5748,0.5301
76,sor,3,BUY,4814,4814,1,9951.5,9957.9,30795,6.39697,0,1161,1.907
76,sor,4,BUY,6585,6585,1,9963,9970.56,49793,7.56158,0,2661.6,1.6953
76,sor,5,SELL,1257,1257,1,9979,9968.58,13099,10.4208,0,199.6,0.1257
77,sor,0,SELL,5517,5517,1,9999,9990.38,47582,8.62461,0,503.7,2.7135
77,sor,1,BUY,2576,2576,1,9969.5,9993.59,62046,28.6132,0,821.6,1.0271
77,sor,2,SELL,1591,1591,1,9882,9906.49,-38962,-24.489,0,434.1,0.2563
77,sor,3,SELL,5279,5279,1,9807.5,9806.89,3208.5,6.27966,0,497.9,2.0727
77,sor,4,BUY,8427,8427,1,9848.5,9862.92,121550,14.4239,0,610.4,2.5137
77,sor,5,SELL,2832,2832,1,9995.5,9996.56,-2990,-1.05579,0,452.7,0.8016
78,sor,0,BUY,7373,7373,1,9917,9957.3,297101,28.9576,0,297.3,4.3677
78,sor,1,SELL,7598,7598,1,9850,9845.75,32280,-2.88081,0,555.6,3.1716
78,sor,2,BUY,1476,1476,1,9880.5,9886,8118,5.5,0,1943.4,0.1476
78,sor,3,BUY,9066,9066,1,9827,9835.53,77328,9.92076,0,634.3,2.7993
78,sor,4,BUY,2582,2582,1,9765,9774.56,24688,7.41508,0,1599.1,1.1601
78,sor,5,BUY,7418,7418,1,9743.5,9764.55,156157,21.0511,0,950.3,2.4617
79,sor,0,BUY,6373,6373,1,10248.5,10255.8,46299.5,12.7649,0,531,1.8531
79,sor,1,SELL,6441,6441,1,10265.5,10241.6,153952,23.902,0,757.3,1.9887
79,sor,2,BUY,4940,4940,1,10231.5,10199.7,-156860,-35.6855,0,868.9,1.0664
79,sor,3,BUY,7215,7215,1,10011.5,10023.3,85458.5,-7.27014,0,541.9,2.3091
79,sor,4,SELL,9956,9956,1,10014,9999.85,140882,14.1505,0,645,2.5751
79,sor,5,SELL,7236,7236,1,10167.5,10079,640144,52.9666,0,9454.4,3.7692
80,sor,0,BUY,5643,5643,1,10156.5,10164.5,45369.5,8.53996,0,492.8,2.8296
80,sor,1,SELL,1306,1306,1,10233.5,10199,45049,34.4939,0,180.9,0.1306
80,sor,2,BUY,2404,2404,1,10138,10115.2,-54850,16.0326,0,4731.4,0.5085
80,sor,3,SELL,9543,9543,1,10052.5,10038,138522,14.5155,0,626.7,3.3464
80,sor,4,SELL,748,748,1,9992,9991,748,1,0,208.7,0.6732
80,sor,5,SELL,8513,8513,1,10035,10014.2,177274,24.9383,0,10615.1,2.4065
81,sor,0,BUY,1360,1360,1,10000,10001,1360,1,0,901.2,1.224
81,sor,1,SELL,8422,8422,1,9948,9969.21,-178654,-21.2128,0,603.6,2.0815
81,sor,2,BUY,5847,5226,0.893792,10105.5,10094.5,-57521,12.4933,1,724.3,0.5674
81,sor,3,SELL,5860,5860,1,10148,10147.6,2280,0.389078,0,503.9,1.9719
81,sor,4,SELL,5605,5605,1,10051,10022.5,160016,4.20388,0,509.9,2.6982
81,sor,5,SELL,1186,1186,1,10038.5,10013.6,29480,24.8567,0,198.1,0.3778
82,sor,0,BUY,6071,6071,1,9992,9987.06,-29972,22.0631,0,532.7,3.0123
82,sor,1,BUY,1729,1729,1,9992,9996.23,7321,4.23424,0,175.2,1.0377
82,sor,2,BUY,3301,3301,1,9992,9984.61,-24403,-7.39261,0,465.6,1.5561
82,sor,3,SELL,6188,6188,1,9965.5,9948.64,104359,16.8647,0,514.8,1.9053
82,sor,4,SELL,3311,3311,1,9836,9824.95,36601,11.0544,0,460.5,0.9953
82,sor,5,SELL,3391,3391,1,9835,9827.79,24460,7.21321,0,474.8,1.0033
83,sor,0,BUY,8923,8923,1,9853.5,9851.6,-16978.5,5.61866,0,601.7,4.6503
83,sor,1,SELL,6988,6988,1,9817.5,9814.89,18247,2.61119,0,3871,2.1325
83,sor,2,SELL,7400,7400,1,9855,9827.28,205108,27.7173,0,561.6,1.9836
83,sor,3,SELL,8859,8859,1,9998.5,9998.83,-2881.5,1.69319,0,682.4,4.2795
83,sor,4,BUY,7570,7570,1,10049,10056.6,57307,7.57028,0,555.6,2.0044
83,sor,5,BUY,1767,1767,1,10010,9983,-47709,-27,0,182.3,0.1767
84,sor,0,BUY,6731,6731,1,9998.5,9993.71,-32233.5,-4.78881,0,575.7,3.0339
84,sor,1,BUY,4028,4028,1,9851.5,9850.44,-4274,-1.06107,0,473.1,2.3562
84,sor,2,BUY,7467,7467,1,9865.5,9889.01,175526,21.807,0,1129.4,2.4369
84,sor,3,BUY,556,556,1,9873.5,9870,-1946,-3.5,0,117,0.5004
84,sor,4,SELL,3056,3056,1,9872,9864.91,21660,7.0877,0,8544.3,0.7106
84,sor,5,SELL,8845,8845,1,9863.5,9860.51,26455.5,16.419,0,346.6,4.1461
85,sor,0,BUY,6401,6401,1,9987,10015.1,180030,28.1253,0,557.3,1.7271
85,sor,1,SELL,7640,7640,1,9995,9966.71,216150,28.2919,0,335.8,2.6864
85,sor,2,SELL,5863,5863,1,9973.5,9935.92,220320,12.5878,0,766.4,2.3607
85,sor,3,SELL,7246,7246,1,9950.5,9975.99,-184692,-25.4888,0,2729.5,1.7209
85,sor,4,SELL,1317,1317,1,10003,10059,-73752,-56,0,181.1,0.1317
85,sor,5,BUY,6505,6505,1,10033.5,10033.2,-2088.5,-0.321061,0,846.2,1.4929
86,sor,0,SELL,9254,9254,1,9998.5,9998,4627,0.5,0,633.6,5.9931
86,sor,1,BUY,2363,2363,1,9999,9999.87,2055,0.869657,0,448.2,0.941
86,sor,2,BUY,7442,7442,1,9999,10000.3,9670,1.29938,0,582,2.3237
86,sor,3,SELL,9447,9447,1,9999,9993.49,52048,5.50947,0,628.6,2.7348
86,sor,4,SELL,1658,1658,1,9999.5,9985.44,23318,14.0639,0,449.5,0.6599
86,sor,5,SELL,9183,9183,1,9983.5,9959.78,217808,23.7186,0,2694.9,3.3426
87,sor,0,BUY,6810,6810,1,9854.5,9855.19,4712,1.97365,0,631.9,3.3345
87,sor,1,SELL,6000,6000,1,9856,9862.74,-40446,27.9039,0,512.1,1.6125
87,sor,2,BUY,1446,1446,1,9800.5,9808.56,11657,8.06155,0,180.4,0.6966
87,sor,3,BUY,1562,1562,1,9775.5,9785.81,16108,10.3124,0,189.6,0.1562
87,sor,4,BUY,6882,6882,1,9736.5,9765.7,200922,-7.49663,0,626.3,3.3534
87,sor,5,BUY,9096,9096,1,9762.5,9804.2,379259,41.6951,0,604,1.7925
88,sor,0,BUY,6460,6460,1,10295.5,10300,28856,3.91757,0,3547.7,2.7792
88,sor,1,BUY,8265,8265,1,10375,10377.9,23641,40.1013,0,603.1,2.8236
88,sor,2,BUY,5849,5849,1,10412,10388.7,-136253,-23.2951,0,525,1.0628
88,sor,3,SELL,5830,5830,1,10420.5,10368.1,305337,52.3734,0,248.9,2.8062
88,sor,4,SELL,8565,8565,1,10446,10421.1,213438,-4.88433,0,586.6,3.1428
88,sor,5,SELL,5090,5090,1,10441,10445.9,-24789,-4.87014,0,2660.3,1.2461
89,sor,0,SELL,4222,4222,1,10143,10103.4,167115,-32.7573,0,6248.5,2.8494
89,sor,1,SELL,6791,6791,1,10014.5,10012.6,13051.5,11.2829,0,536.2,1.4486
89,sor,2,SELL,919,919,1,10056,10006.6,45394,60.5525,0,124.9,0.8271
89,sor,3,SELL,9015,9015,1,10036.5,10012,220943,6.00843,0,327.1,4.6143
89,sor,4,SELL,6350,6350,1,10036.5,9980.29,356916,56.2072,0,261.4,2.8422
89,sor,5,SELL,9235,9235,1,10038,10006.9,287101,6.08836,0,2186.1,2.1069
90,sor,0,BUY,646,646,1,10026,10043.8,11512,-0.179567,0,2621.8,0.0846
90,sor,1,BUY,9647,7129,0.738986,10116,10086.2,-212673,-29.8321,1,762.1,1.0555
90,sor,2,SELL,4630,4630,1,10026,9999.3,123605,0.696544,0,501.1,1.0786
90,sor,3,SELL,9888,9240,0.934466,9855.5,9889.93,-318163,55.773,1,18599.1,2.1801
90,sor,4,SELL,7491,7491,1,9851,9850.1,6731,0.898545,0,448.8,3.8259
90,sor,5,SELL,8341,8341,1,9893.5,9911.52,-150333,-18.0234,0,596.8,3.6664
91,sor,0,BUY,5178,5178,1,9883,9892.87,51085,11.04,0,559.1,3.2427
91,sor,1,BUY,8773,8773,1,9847.5,9847.4,-893.5,2.3728,0,634.6,4.2264
91,sor,2,BUY,2412,2412,1,9997,9981.78,-36709,1.61677,0,476.3,0.9153
91,sor,3,BUY,3872,3872,1,9973,9967.19,-22488,-5.80785,0,220.2,1.8216
91,sor,4,BUY,552,552,1,9886.5,9882,-2484,-4.5,0,121.3,0.4968
91,sor,5,BUY,6209,6209,1,9810.5,9833.45,142500,1.65308,0,541.4,1.8683
92,sor,0,BUY,7163,7163,1,10429,10408.9,-144113,-7.11908,0,559.1,1.9863
92,sor,1,SELL,9770,9770,1,10320.5,10295.2,247634,25.3464,0,646.4,4.6485
92,sor,2,BUY,9570,9570,1,10321,10326.7,54203,15.1051,0,631.5,2.5122
92,sor,3,SELL,9896,9896,1,10236.5,10240.7,-41681,-4.2119,0,673.7,3.0416
92,sor,4,BUY,9185,9185,1,10257.5,10253.5,-36697.5,29.5131,0,619.4,3.3525
92,sor,5,BUY,3711,3711,1,10293,10298.3,19579,12.7792,0,327,1.2791
93,sor,0,BUY,8935,8935,1,9804,9838.87,311590,19.9694,0,600,2.5864
93,sor,1,BUY,4699,4699,1,9844,9847.41,16008,2.79248,0,469.9,1.3366
93,sor,2,SELL,3518,3518,1,9849,9858,-31658,-8.99886,0,456.1,1.0521
93,sor,3,BUY,921,921,1,9801,9854.4,49185,38.4039,0,124.5,0.8289
93,sor,4,SELL,5796,5796,1,9840.5,9784.16,326535,56.338,0,498.3,1.2519
93,sor,5,SELL,8490,8490,1,9759.5,9742.13,147458,17.3684,0,1260.1,1.74
94,sor,0,SELL,9790,9790,1,10133.5,10128.2,51478,-2.30599,0,10062.5,4.3506
94,sor,1,BUY,7795,7795,1,10168.5,10192.5,187068,33.1806,0,7881,2.2483
94,sor,2,BUY,3850,3850,1,9993.5,9995.78,8780,13.6671,0,468,2.3175
94,sor,3,BUY,3060,3060,1,9876.5,9879.66,9657,3.15588,0,2746.1,1.7685
94,sor,4,SELL,5230,5230,1,9867.5,9886.93,-101638,10.9776,0,20689.7,1.3995
94,sor,5,BUY,4045,4045,1,10005.5,10024.4,76429.5,18.8948,0,472.2,0.931
95,sor,0,BUY,4069,4069,1,10043,10061.2,73967,18.1782,0,495,0.9091
95,sor,1,SELL,1118,1118,1,10002,9957.15,50138,44.8462,0,174.9,0.1118
95,sor,2,SELL,2072,2072,1,10057,10044.1,26779,20.5341,0,616,0.8388
95,sor,3,BUY,9620,9620,1,10218,10220,19303,-15.0584,0,1354.3,3.0933
95,sor,4,BUY,1867,1867,1,10277,10223.1,-100636,-53.9025,0,196.1,0.1867
95,sor,5,SELL,9338,9338,1,10219.5,10194.5,233586,25.0146,0,629.5,2.4566
96,sor,0,BUY,6380,6380,1,9882.5,9894.54,76819,0.206302,0,589,2.3643
96,sor,1,SELL,8487,8487,1,9849,9845.86,26634,3.13821,0,579.5,4.0527
96,sor,2,BUY,883,883,1,9706.5,9736.72,26686.5,30.2225,0,127.6,0.7947
96,sor,3,BUY,8198,8198,1,9745,9778.4,273854,33.405,0,326,4.2462
96,sor,4,BUY,2207,2207,1,9810.5,9812.54,4501.5,2.03965,0,461,0.4961
96,sor,5,SELL,2897,2897,1,9811,9800.75,29699,10.2516,0,2159.1,1.5921
97,sor,0,SELL,8893,8893,1,9997,10004.6,-67247,38.4382,0,1405.5,4.3857
97,sor,1,BUY,2910,2910,1,9997,10001.9,14227,4.889,0,3340.1,1.4418
97,sor,2,SELL,7186,7186,1,10107.5,10061.2,332404,46.2572,0,289.1,4.2642
97,sor,3,SELL,2523,2523,1,10069,10031.8,93977,61.2481,0,286.6,1.5579
97,sor,4,BUY,7792,7792,1,9970.5,9973.83,25910,3.32521,0,2699.2,2.059
97,sor,5,SELL,1736,1736,1,9719.5,9741.54,-38253,24.3433,0,5340.7,0.5256
98,sor,0,BUY,3050,3050,1,10033.5,10054.4,63772,-7.87572,0,2686.8,0.5399
98,sor,1,SELL,1928,1928,1,10011.5,10013,-2884,-1.49585,0,7166.3,0.7679
98,sor,2,SELL,6928,6928,1,9848,9851.49,-24159,17.6663,0,14595.3,2.086
98,sor,3,SELL,8613,8613,1,9843,9857.64,-126106,26.7164,0,5263.3,2.9808
98,sor,4,BUY,7988,7988,1,9844,9870.64,212771,-20.757,0,4997.1,2.1515
98,sor,5,BUY,7170,7170,1,9767.5,9765.96,-11012,1.22966,0,1935.4,2.9214
99,sor,0,BUY,5702,5702,1,9844,9856.91,73622,-22.6983,0,500.7,1.7973
99,sor,1,BUY,4782,4782,1,10029.5,10024.3,-25085,35.5649,0,3816.2,1.9521
99,sor,2,BUY,9690,9690,1,10103,10109.9,66494,6.86213,0,655.2,3.2508
99,sor,3,BUY,9087,9087,1,10172.5,10175.9,31065.5,3.41868,0,9735.6,3.483
99,sor,4,SELL,2449,2449,1,10028,10055.6,-67669,-27.6313,0,1301.6,0.7326
99,sor,5,BUY,9349,9349,1,10143,10176.3,311536,-7.99945,0,849.6,2.8357
100,sor,0,BUY,5164,5164,1,10001.5,10012.3,55948,10.8342,0,3843.7,2.1933
100,sor,1,SELL,7165,7165,1,10080.5,10039.4,294370,41.0924,0,13351.7,4.4397
100,sor,2,SELL,1923,1923,1,10112.5,10110.5,3899.5,2.02782,0,442.7,0.7722
100,sor,3,BUY,6140,6140,1,10113.5,10119.6,37588,6.12182,0,2204.5,1.7028
100,sor,4,BUY,4022,4022,1,10125.5,10122.1,-13675,-3.40005,0,474.1,0.8126
100,sor,5,SELL,650,650,1,10129,10105.1,15504,23.8523,0,129.5,0.585
101,sor,0,SELL,8659,8659,1,9891,9949.14,-503409,-58.1371,0,567.9,0.8659
101,sor,1,SELL,2985,2985,1,9845,9832.45,37452,-70.8837,0,18853.5,0.9639
101,sor,2,BUY,6910,6910,1,9419.5,9429.02,65768,-2.5896,0,9194.3,3.7296
101,sor,3,BUY,4631,4631,1,9513.5,9544.81,145004,16.3694,0,556.7,0.9977
101,sor,4,BUY,6772,6772,1,9265.5,9289.4,161824,19.4553,0,2927,2.6442
101,sor,5,SELL,5995,5995,1,9258,9255.35,15876,42.6717,0,13085.6,1.7829
102,sor,0,BUY,8186,8186,1,9982.5,9986.18,30091,-3.0518,0,3552,2.8017
102,sor,1,SELL,891,891,1,9551.5,9582.34,-27481.5,-30.8434,0,2843.3,0.0891
102,sor,2,BUY,6529,6529,1,9651,9636.34,-95720,3.39204,0,10963.3,1.6519
102,sor,3,BUY,6510,6510,1,9572,9585.71,89260,13.7112,0,2629.9,1.7415
102,sor,4,BUY,4098,4098,1,9348.5,9358.02,39031,8.1662,0,1164.3,2.7378
102,sor,5,BUY,9470,9470,1,9453.5,9461.87,79310,6.88464,0,9393.2,3.8277
103,sor,0,BUY,6518,6518,1,10578,10587.6,62393,3.6548,0,967.6,1.8776
103,sor,1,BUY,8855,8855,1,10590,10591.3,11712,1.32264,0,611.5,2.7269
103,sor,2,BUY,8757,8757,1,10594.5,10612.5,157801,18.0199,0,595.3,1.9935
103,sor,3,SELL,8507,8507,1,10596,10545.6,428856,50.4121,0,629.1,4.5027
103,sor,4,BUY,3582,3582,1,10596,10599.5,12545,26.965,0,1579.6,0.4323
103,sor,5,SELL,4534,4330,0.955007,10562,10523.2,167789,38.7503,1,692.5,0.433
104,sor,0,SELL,4521,4521,1,9802.5,9795.68,30847.5,6.82316,0,30709.8,1.944
104,sor,1,SELL,1789,1789,1,9696,9717.06,-37683,26.187,0,28673.2,0.8757
104,sor,2,BUY,8375,8375,1,9756.5,9767.01,88003.5,10.5079,0,4893.3,2.2064
104,sor,3,BUY,5188,5188,1,9665,9678.45,69781,-0.115625,0,4014.7,1.8396
104,sor,4,SELL,3581,3581,1,9878,9871.03,24974,13.3333,0,11679.2,1.9269
104,sor,5,SELL,4496,4496,1,9664,9667.84,-17265,11.1599,0,517,1.1624
105,sor,0,SELL,4462,4462,1,9762,9756.36,25161,-0.342814,0,887.6,1.5156
105,sor,1,BUY,7670,7670,1,9614,9635.74,166779,21.7443,0,5407.9,1.448
105,sor,2,BUY,1961,1961,1,9613.5,9664.54,100085,-8.58205,0,9955.3,0.3473
105,sor,3,BUY,2250,2250,1,9852,9898.38,104345,-23.6244,0,324.5,0.7722
105,sor,4,SELL,2267,2267,1,9729.5,9740.18,-24209.5,20.3471,0,9372.1,0.5102
105,sor,5,SELL,2219,2219,1,9929.5,9915.03,32112.5,14.7471,0,9890.5,0.8861
106,sor,0,BUY,5776,5776,1,10002.5,10003,2888,0.5,0,528.1,3.3084
106,sor,1,SELL,3976,3976,1,10002,9992.43,38031,9.56514,0,467.8,1.9692
106,sor,2,SELL,8082,8082,1,9983.5,9940.58,346890,38.2217,0,1089,3.0033
106,sor,3,SELL,2977,2977,1,9949,9926.24,67753,22.7588,0,210.4,1.2969
106,sor,4,SELL,2226,2226,1,9949,9956.18,-15979,-7.17835,0,1854.2,0.2226
106,sor,5,SELL,8506,8506,1,9949,9947.56,12227,1.43746,0,784.7,2.0421
107,sor,0,BUY,8461,8461,1,9519,9561.59,360390,2.16799,0,999.6,2.0044
107,sor,1,BUY,8451,8451,1,9638.5,9629.76,-73885.5,-8.74281,0,592.5,2.2815
107,sor,2,BUY,8893,8893,1,9631.5,9647.78,144744,16.2761,0,806.1,2.6712
107,sor,3,BUY,4382,4382,1,9672,9622.96,-214911,-49.044,0,478.6,0.5516
107,sor,4,BUY,7478,7478,1,9672,9646.11,-193596,-25.8887,0,729.1,1.4303
107,sor,5,BUY,6587,4164,0.632154,9663.5,9622.36,-171294,-41.1369,1,8608.6,0.4332
108,sor,0,SELL,6340,6340,1,9963,9953.91,57606,3.78056,0,3744,3.2031
108,sor,1,BUY,7949,7949,1,9980.5,9981.32,6549.5,0.82394,0,574.5,3.0332
108,sor,2,SELL,6336,6336,1,9714,9706.15,49734,7.85388,0,550.7,1.6839
108,sor,3,BUY,524,524,1,9384.5,9424.43,20921,39.9256,0,177.6,0.0612
108,sor,4,SELL,3846,3846,1,9411,9387.35,90948,-7.70882,0,282.9,2.1222
108,sor,5,SELL,3612,3612,1,9527.5,9563.06,-128449,28.7073,0,479.8,0.7014
109,sor,0,SELL,4635,4635,1,9993.5,9999.55,-28056.5,-6.05318,0,3934.1,2.6838
109,sor,1,SELL,9223,9223,1,9993,9999.44,-59411,-6.44161,0,755.5,4.518
109,sor,2,BUY,8502,8502,1,9993,9996.32,28220,3.31922,0,2590.9,4.3551
109,sor,3,BUY,2123,2123,1,9993,9999.09,12928,6.0895,0,201.4,1.3275
109,sor,4,SELL,9534,9534,1,9993.5,10000.6,-68142,1.85559,0,6233.7,4.1526
109,sor,5,SELL,6871,6871,1,9993,10002.3,-64209,-9.34493,0,2015.4,3.0573
110,sor,0,BUY,5695,5695,1,9852,9862.68,60803,-0.444046,0,10604.8,1.8169
110,sor,1,SELL,7196,7196,1,10092.5,10091.7,5427,10.6685,0,567.5,2.1938
110,sor,2,SELL,4333,4333,1,10159,10167.2,-35340,-27.156,0,2698.9,1.6533
110,sor,3,SELL,828,828,1,10030,10025.2,3944,11.634,0,418.4,0.146
110,sor,4,BUY,2154,2154,1,9708.5,9725.78,37220,-37.7025,0,22932.1,1.4202
110,sor,5,SELL,3074,3074,1,9306.5,9327.86,-65662,35.3621,0,2760.1,0.761
111,sor,0,BUY,9288,9288,1,10167.5,10177.3,90754,29.5091,0,3605.8,2.8377
111,sor,1,BUY,3008,3008,1,10176.5,10178.1,4948,23.6025,0,464.5,0.641
111,sor,2,BUY,519,519,1,10061.5,10036.4,-13012.5,-3.75332,0,192.5,0.0567
111,sor,3,BUY,6548,6548,1,9830.5,9860.29,195066,29.7902,0,1212.5,1.5134
111,sor,4,BUY,7491,7491,1,9851,9851.37,2737,32.084,0,712.6,2.5056
111,sor,5,SELL,4795,4795,1,10197.5,10180.5,81498.5,-18.0326,0,1494.2,1.6992
112,sor,0,BUY,2566,2566,1,10328.5,10342.5,35929,7.23583,0,1186.1,0.6057
112,sor,1,SELL,2171,2171,1,10184.5,10231.5,-101973,12.5292,0,656.6,0.323
112,sor,2,SELL,3601,3601,1,10133,10151,-64849,28.7894,0,457.3,0.7651
112,sor,3,SELL,3457,3457,1,9914.5,9936.11,-74705.5,-21.6099,0,68158.6,0.8001
112,sor,4,BUY,6450,6450,1,10112,10087.3,-159500,27.0259,0,5151.6,1.9518
112,sor,5,BUY,2618,2618,1,9829.5,9833.47,10386,0.621301,0,445.3,0.6101
113,sor,0,SELL,8302,8302,1,9827,9844.66,-146626,65.2176,0,17371.3,3.8646
113,sor,1,BUY,4012,4012,1,10248,10257,35953,24.355,0,1589.9,1.3104
113,sor,2,BUY,2422,2422,1,10277.5,10278.2,1774,8.45991,0,1895.5,0.2422
113,sor,3,SELL,1784,1784,1,10385.5,10397.4,-21238,-3.02583,0,676.8,0.1784
113,sor,4,BUY,4799,4799,1,10237.5,10244.4,33106.5,1.6675,0,4649.1,1.7838
113,sor,5,BUY,3544,3544,1,10041,10061.1,71211,-36.3531,0,472,1.4211
114,sor,0,BUY,1666,1666,1,9988.5,9990,2497,1.4988,0,360.3,1.4994
114,sor,1,BUY,8474,8474,1,9989,9989.5,4205,0.496224,0,602.6,4.2219
114,sor,2,BUY,9523,9523,1,9989,9990,9523,1,0,2054.4,4.464
114,sor,3,BUY,2198,2198,1,9989,9990,2198,1,0,597.1,1.2492
114,sor,4,BUY,2678,2678,1,9989.5,9990,1339,0.5,0,469.1,1.0737
114,sor,5,BUY,2313,2313,1,9989.5,9990,1156.5,0.5,0,450.4,0.9342
115,sor,0,BUY,6802,6802,1,9992.5,9993.4,6098,0.896501,0,603.9,3.1032
115,sor,1,BUY,3156,3156,1,9993,9994,3156,1,0,460.7,1.8279
115,sor,2,SELL,3920,3920,1,9893,9879.9,51333,18.4902,0,3125.2,0.8833
115,sor,3,BUY,6841,6841,1,9706,9719.32,91094,6.85881,0,475.2,3.6945
115,sor,4,SELL,5229,5229,1,9702,9733.37,-164042,-17.1298,0,507.7,1.4517
115,sor,5,SELL,3453,3453,1,9721.5,9715.94,19182.5,17.115,0,1188.3,1.2525
116,sor,0,SELL,1622,1622,1,9994.5,9993.07,2320,1.43033,0,785.1,0.6498
116,sor,1,BUY,7999,7999,1,9994.5,10002.9,67058.5,-27.1431,0,11170.6,3.978
116,sor,2,SELL,1427,1427,1,9994.5,9993.65,1213.5,0.850385,0,726.3,0.5639
116,sor,3,BUY,3415,3415,1,9994,10005.2,38140,11.1684,0,476.4,1.0462
116,sor,4,BUY,1034,1034,1,9996.5,10000.4,3991,3.85977,0,143.1,0.9306
116,sor,5,SELL,3191,3191,1,9996.5,9993.01,11143.5,3.49217,0,524,1.2789
117,sor,0,BUY,9169,9169,1,10008,10019.1,101334,11.0518,0,697.4,2.7394
117,sor,1,SELL,8202,8202,1,9888.5,9885.13,27626,2.71307,0,1025.6,2.2296
117,sor,2,BUY,2290,2290,1,9918.5,9913.93,-10455,-4.5655,0,192.5,0.8514
117,sor,3,BUY,9004,9004,1,9675,9708.3,299807,22.9389,0,654.6,4.0752
117,sor,4,BUY,9880,9880,1,9656,9690.56,341428,32.5115,0,416.4,5.5656
117,sor,5,SELL,5199,5199,1,9661,9648.63,64314,32.6152,0,1322.1,1.7469
118,sor,0,SELL,2212,2212,1,10004,10003.6,881,-0.601718,0,457.3,0.8773
118,sor,1,SELL,6937,6937,1,9749,9745.66,23165,1.33934,0,4522.7,2.1447
118,sor,2,SELL,2064,2064,1,9547,9546.41,1211,10.3359,0,783,0.498
118,sor,3,SELL,7303,7303,1,9511,9506.49,32936,4.50993,0,2367.2,2.3391
118,sor,4,SELL,3117,3117,1,9565.5,9581.67,-50399.5,-16.1692,0,463.5,0.7005
118,sor,5,SELL,8164,8164,1,9720,9710.78,75308,9.2244,0,4206.5,3.5001
119,sor,0,BUY,4527,4527,1,9989,9999.69,48403,2.34689,0,1643.8,0.8091
119,sor,1,BUY,1651,1651,1,9870,9912,69342,21.3418,0,5578.4,0.1651
119,sor,2,SELL,2287,2287,1,9525,9527.32,-5300,10.0217,0,224.8,1.1079
119,sor,3,SELL,2920,2920,1,9450,9434.66,44785,-20.7295,0,4920.2,0.8428
119,sor,4,BUY,8413,8413,1,9391,9443.16,438831,11.2662,0,17209.7,3.3597
119,sor,5,BUY,9807,9807,1,9684.5,9690.81,61926.5,1.27414,0,3306.7,3.6639
120,sor,0,SELL,2917,2917,1,9367.5,9328.73,113083,18.2671,0,2593,0.657
120,sor,1,SELL,2480,2480,1,9354.5,9291.95,155123,7.0496,0,231,0.248
120,sor,2,SELL,2222,2222,1,9025,9010.34,32578,1.55533,0,530.5,0.6768
120,sor,3,BUY,7380,7380,1,8956.5,8961.3,35398,4.79648,0,830.3,2.2257
120,sor,4,BUY,718,718,1,9032.5,9035,1795,2.5,0,928.7,0.6462
120,sor,5,SELL,9488,0,0,8962.5,0,0,8984.93,1,2089.8,0
121,sor,0,BUY,5701,5701,1,10255,10207,-273545,31.4918,0,1148.5,1.4064
121,sor,1,BUY,6904,6904,1,10167,10203.5,252308,21.1602,0,2414.7,2.9466
121,sor,2,BUY,600,600,1,10003,10019.9,10125,40.4745,0,172.2,0.0648
121,sor,3,BUY,2118,2118,1,10278,10238.7,-83321,-30.8053,0,195.5,0.6318
121,sor,4,BUY,7560,7560,1,10373,10432.7,451287,4.29042,0,599.2,1.9791
121,sor,5,BUY,611,611,1,10652,10735,50713,77.7807,0,168.4,0.0611
122,sor,0,SELL,2525,2525,1,9765.5,9766.82,-3330.5,0.498203,0,2992.3,1.4895
122,sor,1,BUY,901,901,1,9765.5,9763.76,-1570.5,-1.74306,0,115.8,0.8109
122,sor,2,BUY,7011,7011,1,9651,9656.93,41561,38.9668,0,841.6,1.4283
122,sor,3,BUY,4987,4987,1,9796,9785.24,-53642,20.8479,0,635.7,1.9611
122,sor,4,BUY,2631,2631,1,9773.5,9819.91,122102,5.28589,0,449.9,0.6438
122,sor,5,BUY,592,592,1,9787,9731.11,-33087,-13.8506,0,3941.5,0.0592
123,sor,0,BUY,9284,9284,1,9980.5,10014.8,318128,19.9156,0,4241.1,3.5361
123,sor,1,BUY,3383,3383,1,10093,10056.6,-123047,-36.3722,0,2359.9,0.6785
123,sor,2,BUY,6565,6565,1,9948,9987.73,260809,-2.27281,0,521.4,2.4201
123,sor,3,BUY,6783,6783,1,9630,9631.12,7608,-12.4465,0,967,3.4641
123,sor,4,SELL,6635,6635,1,9283.5,9303.86,-135111,36.3273,0,881.5,1.5869
123,sor,5,SELL,8427,8427,1,9304.5,9330.45,-218710,33.6064,0,594.5,2.6676
124,sor,0,BUY,8888,8888,1,10069.5,10092.4,203105,-14.6484,0,626.2,3.8115
124,sor,1,BUY,8998,8998,1,9931,9935.75,42731,18.7355,0,1471,3.411
124,sor,2,BUY,7495,7495,1,9756,9779.57,176659,7.9476,0,1542.2,2.6307
124,sor,3,BUY,9966,9966,1,9660.5,9687.11,265216,-8.70051,0,60477.8,2.862
124,sor,4,SELL,2519,2519,1,9769.5,9842.34,-183491,-4.5107,0,40092.3,0.5661
124,sor,5,SELL,6072,6072,1,9597,9567.93,176496,6.06719,0,544,1.3605
125,sor,0,SELL,9416,9416,1,9725.5,9733.3,-73401,131.195,0,32285.6,2.6588
125,sor,1,SELL,6214,6214,1,10125.5,10126.4,-5774,24.3766,0,564.5,1.9557
125,sor,2,SELL,2130,2130,1,10187,10157.2,63424,29.6442,0,182.2,1.4418
125,sor,3,BUY,5356,5356,1,10609.5,10611.9,12721,-0.58015,0,500.9,1.8666
125,sor,4,SELL,3294,3294,1,10427.5,10391,120263,-7.99029,0,453.4,0.9774
125,sor,5,SELL,4334,4334,1,10298,10296.9,4961,14.5517,0,466.1,1.3271
126,sor,0,SELL,4885,4885,1,9675,9669.74,25700,15.8649,0,1366.9,2.0637
126,sor,1,SELL,4489,4489,1,9059.5,9052.07,33375.5,1.10369,0,529.7,1.7667
126,sor,2,BUY,5898,5898,1,8881.5,8882.56,6243,-15.3503,0,10709.4,3.078
126,sor,3,SELL,8357,0,0,8872,0,0,8872,1,783.8,0
126,sor,4,SELL,1398,1398,1,9239.5,9185.13,76014,54.3734,0,1376,0.1398
126,sor,5,SELL,6966,6966,1,9133.5,9115.85,122977,-28.127,0,17405.1,2.943
127,sor,0,BUY,6568,6568,1,9832.5,9885.77,349846,16.7445,0,6198.4,1.8313
127,sor,1,BUY,8095,8095,1,9963.5,9975.99,101079,4.80193,0,644.6,1.8868
127,sor,2,BUY,3220,3220,1,10005.5,10034.2,92461,-3.31674,0,471.2,0.7837
127,sor,3,SELL,845,845,1,9616.5,9597.17,16337.5,34.3772,0,3082,0.0845
127,sor,4,SELL,6072,6072,1,9610.5,9611.25,-4580,-0.754282,0,1009.9,1.2795
127,sor,5,BUY,5256,5256,1,9605,9654.29,259064,49.2892,0,973,0.5256
128,sor,0,SELL,8386,8386,1,10246.5,10188.3,488369,58.2362,0,417.7,3.9274
128,sor,1,BUY,6471,6471,1,10171,10173.5,16199,22.9661,0,711.9,1.4004
128,sor,2,SELL,2731,2731,1,10205,10200,13582,3.73517,0,265.3,1.0107
128,sor,3,BUY,7907,7907,1,9990.5,9998.69,64787.5,8.19369,0,1526.8,2.5241
128,sor,4,BUY,4993,4993,1,10238,10231.3,-33385,-4.8215,0,497.1,1.3039
128,sor,5,SELL,3304,3304,1,10115,10158.9,-144970,17.5764,0,2447.4,1.008
129,sor,0,SELL,2363,2363,1,10009.5,10008.3,2753.5,1.16526,0,448.5,1.4247
129,sor,1,SELL,6763,6763,1,10009,10016.3,-49127,-7.26408,0,584.5,3.4326
129,sor,2,BUY,3629,3629,1,10138,10138.1,462,5.03954,0,19634.7,0.3669
129,sor,3,SELL,7043,7043,1,10148,10143.2,33905,-22.3548,0,39458.9,4.1193
129,sor,4,BUY,7022,7022,1,10159,10183,168812,26.4296,0,26268.3,1.7714
129,sor,5,BUY,1795,1795,1,9909.5,9913.96,7998.5,-1.04989,0,3329.3,1.0539
130,sor,0,BUY,3301,3301,1,9998.5,9999,1650.5,0.5,0,1134.1,1.8774
130,sor,1,BUY,7599,7599,1,9998.5,9998.18,-2416.5,-0.318002,0,2256.9,3.9825
130,sor,2,SELL,4616,4616,1,9998.5,9995.58,13494,2.92331,0,2502.4,2.6748
130,sor,3,BUY,6927,6927,1,9998,9997.67,-2288,11.6697,0,15969.6,3.2967
130,sor,4,BUY,8342,8342,1,9997.5,9991.95,-46266,-5.04615,0,12505.7,3.5982
130,sor,5,BUY,1779,1779,1,9998,9985.4,-22413,-12.5987,0,18104,0.9963
131,sor,0,BUY,1421,1421,1,9998,9999,1421,1,0,808.5,1.2789
131,sor,1,BUY,1694,1694,1,9997.5,9998.86,2305,1.86068,0,304.4,1.5246
131,sor,2,SELL,4370,4370,1,9997.5,9997,2185,0.5,0,491.2,2.205
131,sor,3,BUY,9276,9276,1,9997.5,9989.57,-73604,-7.93489,0,4039.4,4.1418
131,sor,4,BUY,4384,4384,1,9998,9996.41,-6956,-1.58668,0,1267.3,2.1393
131,sor,5,SELL,8770,8770,1,9998,9993.45,39941,4.55428,0,7026.4,3.9564
132,sor,0,SELL,1475,1475,1,10012,10083,-104725,-59.9439,0,1010,0.1475
132,sor,1,BUY,2524,2524,1,10063.5,10076.7,33317,-0.299921,0,2161.9,0.5521
132,sor,2,BUY,7364,7364,1,10065,10075.1,74613,10.1321,0,1969.9,2.108
132,sor,3,BUY,2472,2472,1,10073.5,10028.5,-111334,-45.038,0,3943.7,0.2472
132,sor,4,SELL,8813,8813,1,10073,10050.8,195662,22.2015,0,1137.8,1.9667
132,sor,5,BUY,914,914,1,10084,10084,5,0.00547046,0,236.8,0.0914
133,sor,0,BUY,1263,1263,1,9987.5,9988.83,1681.5,-38.9978,0,5834.3,0.4989
133,sor,1,BUY,1835,1835,1,10002,10045.2,79259,43.1929,0,6257.6,0.1835
133,sor,2,BUY,2313,2313,1,10117.5,10118.7,2863.5,1.238,0,2621.3,0.45
133,sor,3,SELL,5746,5746,1,10148.5,10139,54562,30.7209,0,777.9,3.4164
133,sor,4,BUY,3251,3251,1,10234.5,10241.1,21530.5,5.12273,0,1801.5,1.206
133,sor,5,BUY,9941,9941,1,10234,10217.6,-162639,23.6232,0,3185.7,2.9853
134,sor,0,BUY,5207,5207,1,10003.5,10005,7755.5,6.00819,0,11411.8,3.0798
134,sor,1,SELL,5140,5140,1,10004,9999.86,21299,4.14377,0,497.2,2.5362
134,sor,2,BUY,1633,1633,1,10003.5,10005,2375.5,1.45468,0,3477,0.6597
134,sor,3,SELL,8887,8887,1,10004,9997.38,58818,6.61843,0,3740,4.0698
134,sor,4,SELL,7134,7134,1,10004,9997.9,43528,6.10149,0,645.6,3.3318
134,sor,5,BUY,6993,6993,1,10004,10000.5,-24264,-3.46976,0,548.5,3.537
135,sor,0,BUY,1404,1404,1,9992,9993,1404,1,0,143.2,1.2636
135,sor,1,BUY,4421,4421,1,9992,9997.45,24104,5.45216,0,4523.2,2.0592
135,sor,2,SELL,4143,4143,1,9992,9991,4143,1,0,6359.6,2.3652
135,sor,3,BUY,9393,9393,1,9992.5,10001.9,88186.5,9.38853,0,659.4,3.8556
135,sor,4,SELL,3486,3486,1,9992.5,9991.02,5163,1.48107,0,2864.6,1.6794
135,sor,5,SELL,8711,8711,1,9992,9993.65,-14341,5.80619,0,83878.3,4.0572
136,sor,0,BUY,2290,2290,1,10001.5,10003,3362,1.96812,0,5339.8,0.927
136,sor,1,SELL,5894,5894,1,10002,10001,5894,1,0,2687.7,3.7521
136,sor,2,SELL,8287,8287,1,10002,9995.9,50518,6.09605,0,687.8,4.4097
136,sor,3,SELL,9400,9400,1,10002,10012.1,-95163,-10.1237,0,6083.5,3.9753
136,sor,4,BUY,1195,1195,1,10002,10003,1195,1,0,10650,0.4815
136,sor,5,BUY,2870,2870,1,10002,10003,2870,1,0,2413.4,1.449
137,sor,0,SELL,805,805,1,9999,9998,805,1,0,8287.6,0.7245
137,sor,1,BUY,5729,5729,1,9990.5,9975.54,-85730.5,-14.9643,0,543.9,2.2482
137,sor,2,BUY,8531,8531,1,9884.5,9876.14,-71283.5,5.18407,0,4726.1,2.7323
137,sor,3,BUY,8809,8809,1,9849,9849.55,4869,0.55273,0,11597.9,4.383
137,sor,4,BUY,787,787,1,9849,9844.08,-3871,-4.91868,0,423.7,0.3168
137,sor,5,SELL,5770,5770,1,9852.5,9857.05,-26248,-4.54905,0,17932.5,2.2176
138,sor,0,BUY,670,670,1,10003,10004,670,1,0,860.7,0.603
138,sor,1,SELL,3354,3354,1,9977,9967.94,30387,9.05993,0,488.5,1.053
138,sor,2,SELL,9633,9633,1,9915,9911.55,33267,3.45344,0,634.9,2.9025
138,sor,3,BUY,1587,1587,1,9899,9898.9,-166,-0.1046,0,199.8,0.1587
138,sor,4,BUY,5885,5885,1,9883.5,9906.16,133358,22.6607,0,563.5,2.0025
138,sor,5,BUY,3167,3167,1,9883.5,9898.77,48361.5,15.2704,0,209.9,1.4679
139,sor,0,BUY,5455,5455,1,9984.5,10004.1,106846,5.81088,0,3019.9,3.2463
139,sor,1,BUY,644,644,1,9860,9944.63,54502,84.6304,0,183.9,0.0644
139,sor,2,SELL,3908,3908,1,9980.5,9995.67,-59298,-15.1735,0,215.5,1.4924
139,sor,3,BUY,1833,1833,1,10064.5,10001.2,-115964,2.20567,0,410.5,0.1833
139,sor,4,SELL,9172,9172,1,10022,9979.51,389696,21.7548,0,10144.6,2.2132
139,sor,5,SELL,3956,3956,1,9996,9949.83,182635,46.1666,0,12890.3,0.8411
140,sor,0,BUY,7266,7266,1,10111,10112.1,8262,18.5632,0,8704.3,0.7266
140,sor,1,SELL,5457,5457,1,10305.5,10300.6,26477.5,11.8521,0,15460,2.8026
140,sor,2,BUY,1158,1158,1,10431.5,10427.6,-4557,-3.93523,0,191.1,0.567
140,sor,3,SELL,5471,5471,1,10330,10336.6,-35850,25.0144,0,26925.1,1.6001
140,sor,4,SELL,6296,6296,1,10174.5,10171,22172,3.5216,0,6565.1,2.4453
140,sor,5,BUY,4444,4444,1,10155,10178.4,103962,22.3938,0,1292.9,2.7684
141,sor,0,BUY,555,555,1,9845.5,9846.08,322.5,0.870603,0,424.8,0.2175
141,sor,1,SELL,3261,3261,1,9923,9897.3,83817,47.1388,0,668,1.5633
141,sor,2,BUY,5042,5042,1,10066.5,10064.9,-8221,-1.6305,0,4123.3,1.9782
141,sor,3,BUY,8060,8060,1,10273,10288.8,127147,-1.38587,0,8310.7,3.0582
141,sor,4,SELL,7342,7342,1,10201.5,10203.5,-14349,-11.4507,0,584.7,2.4703
141,sor,5,SELL,7460,7460,1,10264,10232,238443,31.9629,0,3001.5,3.3903
142,sor,0,SELL,4282,4282,1,10120,10115.3,20248,4.72863,0,1695.1,2.4363
142,sor,1,BUY,6821,6821,1,9962.5,9980.05,119723,17.5522,0,5544.4,4.2165
142,sor,2,SELL,7314,7314,1,9950,9929.4,150632,17.5088,0,564.9,1.7601
142,sor,3,BUY,8572,8572,1,10043,10065.5,193006,-2.22294,0,2658.2,2.0803
142,sor,4,BUY,9210,9210,1,10052,10067.2,139715,21.4485,0,754.9,3.8448
142,sor,5,SELL,3886,3886,1,10019,9985.19,131391,1.81137,0,6670.9,0.8584
143,sor,0,BUY,878,878,1,10433,10442.8,8568,-9.1897,0,4610.4,0.7902
143,sor,1,SELL,8538,8538,1,10411.5,10327.8,714961,5.86544,0,1620.3,1.8823
143,sor,2,BUY,9901,9901,1,10239.5,10275.2,353412,-22.921,0,8433.7,6.0381
143,sor,3,BUY,9555,9555,1,10195.5,10189.6,-56046.5,21.8014,0,650,2.6079
143,sor,4,SELL,8542,8542,1,10030,10016.6,114832,-67.401,0,14830.8,2.2258
143,sor,5,SELL,5032,5032,1,10051,10092.8,-210351,14.8314,0,487.9,0.9001
144,sor,0,BUY,8144,8144,1,9992.5,10019.9,223081,1.32986,0,6978,3.9816
144,sor,1,BUY,6014,6014,1,9915.5,9951.73,217908,-5.8695,0,28450.8,3.123
144,sor,2,SELL,3983,3983,1,10020,10035.6,-62265,-5.49473,0,466.8,1.4517
144,sor,3,BUY,9886,9886,1,10135.5,10144.4,88235,8.92525,0,8494.1,2.6086
144,sor,4,BUY,2539,2539,1,10120,10107.6,-31400,-12.3671,0,1589.5,0.5949
144,sor,5,BUY,9027,9027,1,9759,9763.07,36763,15.5871,0,6168,4.4901
145,sor,0,SELL,7833,7833,1,10004,9986.48,137257,17.5229,0,750.7,2.0955
145,sor,1,SELL,1374,1374,1,9926,9966.09,-55083,11.6265,0,187.8,0.1374
145,sor,2,BUY,4060,4060,1,10040.5,10094.8,220627,7.91276,0,5402,0.7705
145,sor,3,SELL,6465,6465,1,10003,10004.4,-9043,17.2162,0,1465.8,1.2678
145,sor,4,BUY,9975,9975,1,9957.5,10004.5,468458,46.9632,0,659.4,3.1771
145,sor,5,SELL,5542,5542,1,9750.5,9740.67,54474,2.89552,0,1177.8,1.8018
146,sor,0,BUY,9025,9025,1,9917,9932.83,142853,7.97598,0,612.5,3.6
146,sor,1,SELL,6377,6377,1,9971.5,9966.76,30203.5,4.73632,0,521.9,3.2283
146,sor,2,BUY,4581,4581,1,9920.5,9936.34,72567.5,-76.357,0,2129.8,1.3878
146,sor,3,SELL,8924,8924,1,10442.5,10346.7,854921,95.8002,0,2272.8,5.3964
146,sor,4,BUY,3451,3451,1,10335.5,10363.1,95111.5,-10.8244,0,1376.6,1.2739
146,sor,5,BUY,9252,9252,1,10170,10191.2,195805,1.11274,0,1763.7,2.7396
147,sor,0,BUY,505,505,1,9850,9856.18,3121,14.1802,0,173.5,0.4545
147,sor,1,SELL,8436,8436,1,9706.5,9737.04,-257616,23.6192,0,19095.2,3.5679
147,sor,2,SELL,7883,7883,1,9679.5,9664.05,121766,-5.59587,0,2536.3,2.4623
147,sor,3,SELL,8225,8225,1,9749,9697.83,420889,-12.8281,0,665.8,1.7864
147,sor,4,SELL,9674,9674,1,9774.5,9765.12,90719,-8.66168,0,2864.9,2.4173
147,sor,5,SELL,5466,5466,1,9656.5,9644.96,63075,7.11381,0,1019.9,1.659
148,sor,0,BUY,6576,6576,1,9657,9680.28,153095,25.9036,0,550.9,2.5179
148,sor,1,BUY,3545,3545,1,9214.5,9223.53,32004.5,32.6223,0,6339.6,2.3265
148,sor,2,BUY,680,680,1,9250,9252.41,1639,2.41029,0,178.7,0.068
148,sor,3,BUY,9631,9631,1,9304,9298.56,-52398,17.4832,0,7776.7,3.3256
148,sor,4,BUY,7378,7378,1,9309,9363.05,398808,-7.57054,0,7965.7,1.4911
148,sor,5,SELL,7009,7009,1,9339,9343.53,-31726,50.7507,0,545.6,2.5902
149,sor,0,BUY,6322,6322,1,9717,9722.28,33388,-3.76949,0,2438.6,3.1356
149,sor,1,SELL,2725,2725,1,9791.5,9827.44,-97942.5,-7.08851,0,11330.3,1.3509
149,sor,2,BUY,1877,1877,1,9860,9856.04,-7428,21.0426,0,2054.4,0.7389
149,sor,3,SELL,8943,8943,1,9677,9667.7,83177,-2.22021,0,9791.1,3.2832
149,sor,4,SELL,5881,5881,1,9626.5,9625.12,8131.5,1.38267,0,537.4,1.8126
149,sor,5,SELL,2348,2348,1,9809.5,9811.62,-4971,-7.46798,0,9017.3,0.6722
0,proportional,0,SELL,1592,1592,1,10002.5,10002,796,0.5,0,443.7,0.8393
0,proportional,1,SELL,597,597,1,10002.5,10002,298.5,0.5,0,1576.2,0.3198
0,proportional,2,BUY,8789,8789,1,10002.5,10004,13159.5,1.49727,0,1873.8,4.8116
0,proportional,3,SELL,629,629,1,10003.5,10002,943.5,0.642857,0,1336.7,0.3326
0,proportional,4,BUY,4273,4273,1,10003.5,10004,2136.5,0.5,0,5379.6,2.3437
0,proportional,5,BUY,8592,8592,1,10003.5,10004,4296,0.5,0,647,4.7058
1,proportional,0,BUY,3018,3018,1,10005.5,10006,1509,0.5,0,468.9,1.6122
1,proportional,1,SELL,2663,2663,1,10005,10004,2663,1,0,995.6,1.4837
1,proportional,2,BUY,719,719,1,10005,10006,719,-3,0,1702.4,0.3821
1,proportional,3,BUY,8348,8348,1,10005,10006,8348,1,0,1034.5,4.4867
1,proportional,4,BUY,2621,2621,1,10005,10006,2621,1,0,20587.6,1.4129
1,proportional,5,SELL,5724,5724,1,10005,10004,5724,20.0251,0,426.4,3.1941
2,proportional,0,BUY,4881,4881,1,10003.5,10005,7301.5,1.4959,0,4879.9,2.6679
2,proportional,1,BUY,1961,1961,1,10004.5,10005,980.5,0.5,0,5143.8,1.0679
2,proportional,2,SELL,2239,2239,1,10004.5,10003.1,3223.5,1.43971,0,429.1,1.2061
2,proportional,3,BUY,8928,8928,1,10004,10005,8928,1,0,1289.1,4.8807
2,proportional,4,BUY,6738,6738,1,10003.5,10005,10063,1.49347,0,419.3,3.6672
2,proportional,5,BUY,9111,9111,1,10004,10005,9111,1,0,925.3,4.9404
3,proportional,0,SELL,4641,4641,1,10007.5,10006,6810.5,1.96746,0,12378.6,2.5584
3,proportional,1,SELL,2889,2889,1,10007,10006,2889,1,0,1834.6,1.5876
3,proportional,2,SELL,9003,9003,1,10006.5,10006,4501.5,0.5,0,49359.6,4.8972
3,proportional,3,BUY,768,768,1,10006.5,10008,1152,1.5,0,23618.3,0.4152
3,proportional,4,BUY,9071,9071,1,10007,10008,9071,1,0,29231.6,4.9514
3,proportional,5,SELL,8495,8495,1,10007,10005.9,9027,17.1618,0,82404.7,4.6265
4,proportional,0,BUY,8637,8637,1,9851,9863.69,109564,12.6854,0,433.3,4.6023
4,proportional,1,BUY,3210,3210,1,9871,9886.59,50057,-56.9142,0,438.7,1.7025
4,proportional,2,SELL,5820,3107,0.533849,9953.5,9925.19,87949.5,28.3069,1,425.7,1.3553
4,proportional,3,SELL,3111,3111,1,10006,9989.58,51082,16.4198,0,857.9,1.5954
4,proportional,4,BUY,2801,2801,1,10101,10144.9,123031,62.7657,0,432.9,1.2284
4,proportional,5,BUY,3482,1996,0.573234,10051.5,10093,82766,41.4659,1,425.7,1.0054
5,proportional,0,SELL,1172,1172,1,9914.5,9917.15,-3109,-15.2424,0,418.3,0.5228
5,proportional,1,BUY,6462,6462,1,9870.5,9882.69,78775,12.1905,0,442.1,3.5838
5,proportional,2,SELL,2163,48,0.0221914,9880.5,9857.92,1084,22.5833,1,921,0.0192
5,proportional,3,BUY,7048,7048,1,9893,9938.82,322935,45.8194,0,434,3.8722
5,proportional,4,BUY,869,869,1,9962,9973.31,9831,-27.8201,0,419.6,0.4691
5,proportional,5,SELL,8811,8764,0.994666,10024.5,9974.13,441481,85.6446,1,566.1,4.7216
6,proportional,0,SELL,2651,2651,1,10101,10089.8,29664,13.756,0,426.3,1.4114
6,proportional,1,SELL,8006,8006,1,10128.5,10109.8,149554,18.6802,0,432.1,4.2554
6,proportional,2,SELL,7537,7537,1,10148,10149.3,-9979,-14.3134,0,415.4,4.1353
6,proportional,3,SELL,5033,5033,1,10148,10143.4,23365,4.64236,0,428.5,2.7692
6,proportional,4,BUY,5492,5492,1,10227,10238.2,61511,7.12384,0,17496.5,2.8448
6,proportional,5,SELL,8608,8608,1,10246.5,10197.8,419573,48.7422,0,2254.5,4.5367
7,proportional,0,SELL,8074,8074,1,9851,9834.72,131419,16.2768,0,146.4,7.2666
7,proportional,1,BUY,4826,4826,1,9945.5,9929.32,-78089,-16.1809,0,436.7,2.3219
7,proportional,2,SELL,5570,5570,1,9963.5,9967.73,-23537,-4.22567,0,421.5,4.6485
7,proportional,3,BUY,2227,2227,1,10007,10005.7,-2928,-56.3148,0,467.2,1.0933
7,proportional,4,SELL,5502,5502,1,10117,10090.3,146723,26.6672,0,432.9,3.4968
7,proportional,5,BUY,5977,5977,1,10131.5,10154.3,136447,72.3168,0,437.8,3.2143
8,proportional,0,SELL,9333,1031,0.110468,9991.5,9931.2,62165.5,63.0894,1,424.6,0.6214
8,proportional,1,SELL,6748,247,0.0366034,9995,9958.13,9106,52.2831,1,419.3,0.1698
8,proportional,2,SELL,3806,6,0.00157646,9862,9824,228,38,1,105.1,0.0054
8,proportional,3,SELL,7792,46,0.00590349,9894.5,9889,253,5.5,1,117.6,0.0414
8,proportional,4,SELL,9290,9290,1,9879,9850.52,264556,46.007,0,438.6,4.7825
8,proportional,5,BUY,4387,4387,1,9433.5,9442.84,40985.5,10.3567,0,442.5,2.3758
9,proportional,0,SELL,2063,2063,1,9725,9697.08,57597,7.07478,0,422.7,1.2167
9,proportional,1,BUY,9412,9412,1,9739.5,9757.55,169886,18.0499,0,437.8,4.5748
9,proportional,2,BUY,8054,3914,0.48597,9605,9628.55,92158,-0.837725,1,425.8,1.6846
9,proportional,3,SELL,5529,5529,1,9279,9240.72,211661,-2.5677,0,1225.7,3.2916
9,proportional,4,BUY,8546,8546,1,8613.5,8635.61,188970,5.04572,0,769.6,4.5929
9,proportional,5,SELL,1800,0,0,8337,0,0,8337,1,9.4,0
10,proportional,0,BUY,2168,2168,1,9679,9696.72,38412,13.4992,0,425.2,1.1372
10,proportional,1,SELL,4211,4211,1,9785,9780.63,18423,4.90699,0,433.5,2.2649
10,proportional,2,BUY,4298,4298,1,9849,9890.92,180162,92.9309,0,418.8,2.9502
10,proportional,3,SELL,6210,6210,1,9820,9810.08,61589,78.644,0,427.2,3.3075
10,proportional,4,SELL,5453,84,0.0154044,9756,9734,1848,43.777,1,423.3,0.0336
10,proportional,5,SELL,6432,6432,1,10239.5,10222.9,107045,16.6426,0,3822,3.7203
11,proportional,0,SELL,4164,4164,1,10020.5,10000.1,84751,20.3533,0,423.7,2.2056
11,proportional,1,BUY,7188,7188,1,9853,9854.16,8304,-30.776,0,415.7,4.0092
11,proportional,2,BUY,8177,130,0.0158983,10001,10020.1,2488,19.1385,1,423.7,0.052
11,proportional,3,SELL,842,842,1,9956.5,9953.26,2727,3.23872,0,416.2,0.4448
11,proportional,4,SELL,7629,7629,1,9756.5,9738.04,140821,17.9981,0,435.4,4.4151
11,proportional,5,SELL,860,860,1,9646,9628.76,14830,17.2442,0,417.2,0.4925
12,proportional,0,BUY,8032,8032,1,9998,10001.7,30092,-24.2886,0,431.8,4.0633
12,proportional,1,BUY,8549,8549,1,10003.5,10015.1,98938.5,-29.9269,0,441,4.3106
12,proportional,2,SELL,3418,3418,1,10112.5,10105.1,25151,-4.1416,0,425.6,1.8667
12,proportional,3,SELL,2942,2942,1,10162.5,10147.6,43817,14.8936,0,484.2,1.6088
12,proportional,4,SELL,5326,5326,1,10186,10158.2,147864,-8.62494,0,422.9,2.9944
12,proportional,5,SELL,3861,3861,1,10156.5,10148.1,32282.5,8.36118,0,427.4,2.2059
13,proportional,0,SELL,1024,1024,1,10003,10002,1024,1,0,416.3,0.5716
13,proportional,1,SELL,8375,8375,1,10003,10002,8375,1,0,428,4.6865
13,proportional,2,SELL,4492,4492,1,10126,10123.7,10209,-29.4883,0,428.2,2.4853
13,proportional,3,BUY,7227,0,0,10124,0,-0,-10124,1,18.3,0
13,proportional,4,BUY,3190,0,0,10124,0,-0,-10124,1,12.9,0
13,proportional,5,BUY,1947,1947,1,9900,9909.59,18668,6.46931,0,413.9,1.1568
14,proportional,0,BUY,7171,7171,1,9896,9908.17,87279,-9.82889,0,505.3,4.4479
14,proportional,1,BUY,5684,5684,1,10202.5,10220,99320,20.7727,0,425.5,3.2591
14,proportional,2,BUY,7348,7348,1,10192.5,10250.9,429145,58.403,0,435.6,4.1542
14,proportional,3,SELL,5288,5288,1,10216,10163.1,279935,31.1466,0,423.3,2.8982
14,proportional,4,SELL,8528,8528,1,10137.5,10122.6,126771,70.3653,0,465.8,4.5182
14,proportional,5,BUY,3499,3499,1,10130.5,10179.1,170123,18.9699,0,440.6,1.4671
15,proportional,0,SELL,1824,1824,1,10170.5,10152.8,32342,28.4846,0,429.3,1.0131
15,proportional,1,BUY,705,705,1,10224,10226.4,1710,19.4255,0,423.1,0.363
15,proportional,2,SELL,8291,8291,1,10172.5,10139,277418,33.4602,0,427.3,4.2479
15,proportional,3,SELL,5892,5892,1,10262,10224.2,222913,37.8332,0,448.9,3.1398
15,proportional,4,SELL,1617,1617,1,10247.5,10164.4,134311,83.0615,0,2147.8,0.8358
15,proportional,5,SELL,4581,4581,1,10246,10157.3,406358,88.7051,0,435.9,2.3589
16,proportional,0,SELL,7219,7219,1,10007.5,10006.7,5510.5,10.2704,0,459.4,3.9541
16,proportional,1,SELL,3306,3306,1,10003,9995.18,25841,-1.41921,0,429,1.7949
16,proportional,2,SELL,7157,7157,1,9983,9975.43,54155,7.56672,0,449.6,3.7133
16,proportional,3,SELL,3652,3652,1,9860.5,9853.47,25660,7.02629,0,416,1.9873
16,proportional,4,SELL,9155,9155,1,9852,9847.2,43942,4.79978,0,437.1,4.931
16,proportional,5,BUY,7770,7770,1,9767,9807.26,312789,40.256,0,427,4.269
17,proportional,0,BUY,9245,1330,0.143862,9846.5,9884.37,50370,37.8722,1,3242.4,1.197
17,proportional,1,BUY,6086,6086,1,9810,9845.59,216588,43.5715,0,2234.9,3.1779
17,proportional,2,SELL,7940,7940,1,9561,9547.93,103764,25.0556,0,427.8,3.8105
17,proportional,3,SELL,6810,6810,1,9794.5,9779.27,103722,54.3137,0,428.9,3.696
17,proportional,4,SELL,4205,4205,1,9817.5,9806.97,44259.5,93.3178,0,429.2,1.682
17,proportional,5,BUY,4707,4707,1,9920.5,9961.78,194296,61.1852,0,420.2,2.4633
18,proportional,0,BUY,9477,9477,1,9859,9872.99,132593,-21.0588,0,2260.5,5.2488
18,proportional,1,SELL,3922,3922,1,9759.5,9729.02,119541,30.4796,0,8337.2,2.1358
18,proportional,2,BUY,1990,1990,1,9802.5,9804.62,4212,2.61658,0,424.5,1.2145
18,proportional,3,BUY,9305,2634,0.283074,9809.5,9853.35,115496,43.8481,1,826.4,2.3706
18,proportional,4,BUY,5694,5694,1,9845.5,9848.93,19552,3.43379,0,419.9,3.0336
18,proportional,5,BUY,4962,4962,1,10006.5,10011.2,23371,5.21,0,5376.8,2.8758
19,proportional,0,BUY,1618,1618,1,10002,10003,1618,1,0,1994.8,0.8632
19,proportional,1,SELL,6975,6975,1,10002,10001,6975,1,0,418.8,3.7485
19,proportional,2,SELL,7953,7953,1,9992.5,9971.82,164488,38.1824,0,446.6,4.2207
19,proportional,3,SELL,1469,0,0,9869,0,0,9869,1,12.8,0
19,proportional,4,BUY,3248,3248,1,9876,9883.93,25753,-137.071,0,480.7,1.7042
19,proportional,5,SELL,6685,5239,0.783695,10002.5,9954.5,251467,48.499,1,522,2.6361
20,proportional,0,SELL,2084,2084,1,9938.5,9933.38,10679,5.12428,0,431.9,1.0091
20,proportional,1,SELL,5527,5527,1,9936,9913.79,122729,29.6314,0,429.1,2.5483
20,proportional,2,BUY,735,735,1,10011.5,10013.5,1435.5,-48.921,0,416.8,0.375
20,proportional,3,SELL,3457,3457,1,10123.5,10119.4,14289.5,-4.3665,0,416.2,1.8688
20,proportional,4,BUY,8391,8391,1,10083.5,10129.2,383628,17.141,0,424.2,4.5309
20,proportional,5,BUY,9651,9651,1,10119,10171.3,505086,85.8687,0,479.5,5.1699
21,proportional,0,SELL,8784,8784,1,9999.5,9982.94,145494,59.0635,0,436.6,4.3236
21,proportional,1,SELL,8205,8205,1,10094,10031.9,509840,45.1377,0,4317.3,4.1325
21,proportional,2,BUY,8808,8808,1,10159.5,10181.8,196278,22.2841,0,438.4,4.5222
21,proportional,3,BUY,8293,8293,1,10186.5,10199.4,107325,12.9417,0,429.7,4.1542
21,proportional,4,SELL,4573,4573,1,10155,10149.1,26799,5.86027,0,1483.4,2.3557
21,proportional,5,BUY,1162,1162,1,10174,10174.2,184,-36.8417,0,416,0.5458
22,proportional,0,BUY,9817,9817,1,10045,10085,393170,-3.41632,0,431.2,5.4253
22,proportional,1,SELL,8786,3160,0.359663,10038.5,9998.29,127054,112.894,1,517.2,1.5345
22,proportional,2,BUY,699,699,1,10214,10236.7,15840,14.6609,0,420.6,0.4011
22,proportional,3,BUY,9127,9127,1,10122,10186,584042,32.6991,0,428.1,4.9063
22,proportional,4,BUY,3817,3003,0.786744,10116.5,10193.5,231172,68.71,1,510.6,1.2752
22,proportional,5,BUY,6903,6903,1,9869,9880.6,80058,-38.8691,0,3794.5,3.6792
23,proportional,0,SELL,6486,6486,1,10147,10141.3,36652,-13.3087,0,436.1,3.5664
23,proportional,1,SELL,6702,6702,1,10079.5,10062.2,115700,-31.2365,0,739.9,3.7608
23,proportional,2,BUY,879,638,0.725825,10089,10116.5,17515,27.453,1,975.9,0.2552
23,proportional,3,BUY,8173,0,0,10088,0,-0,-10088,1,24.8,0
23,proportional,4,SELL,8545,8545,1,10063,9998.2,553714,64.7998,0,432.4,5.308
23,proportional,5,BUY,5745,699,0.121671,10115,10158.5,30415,53.695,1,4723.3,0.4156
24,proportional,0,SELL,9971,9971,1,10015,10009.1,59268,9.01823,0,430.1,5.1764
24,proportional,1,SELL,4610,1191,0.258351,9932.5,9933.03,-636.5,-0.534425,1,933,0.4764
24,proportional,2,SELL,6191,6191,1,9853.5,9852.01,9219.5,1.48918,0,420.2,3.3269
24,proportional,3,BUY,6067,6067,1,9654,9682.52,173026,28.5192,0,2375.6,3.2098
24,proportional,4,BUY,539,539,1,9653,9673.89,11259,36.8868,0,413.7,0.3101
24,proportional,5,BUY,1973,1973,1,9716,9718.8,5518,4.34952,0,452,1.0727
25,proportional,0,SELL,6347,921,0.145108,9884,9880.09,3604,3.91314,1,424.6,0.3684
25,proportional,1,SELL,1122,0,0,9891,0,0,9891,1,13.5,0
25,proportional,2,BUY,2952,2952,1,9998.5,10002,10254,-11.1585,0,869.5,1.6263
25,proportional,3,SELL,6737,6737,1,10005.5,9974.33,210020,69.6471,0,2677.5,3.5723
25,proportional,4,BUY,3400,3400,1,9979,10021.3,143862,72.3124,0,419.7,1.441
25,proportional,5,SELL,1183,430,0.363483,10012,9964.95,20232,81.8202,1,431.8,0.2855
26,proportional,0,BUY,8487,8487,1,9919,9971.47,445307,52.4693,0,28475.9,4.5963
26,proportional,1,BUY,3909,3909,1,9920.5,9992.11,279915,71.6077,0,4825.7,2.1171
26,proportional,2,BUY,4206,4206,1,9956.5,9994,157725,12.096,0,2474.7,2.2764
26,proportional,3,BUY,5883,5883,1,9956.5,9994,220612,37.5,0,1857.5,3.1767
26,proportional,4,SELL,1284,1284,1,9956.5,9915,53282,41.4969,0,4297.7,0.5136
26,proportional,5,BUY,8319,8319,1,9952.5,9994,345238,41.5,0,418.4,4.4886
27,proportional,0,BUY,6224,0,0,10125,0,-0,-10125,1,2887.2,0
27,proportional,1,SELL,1641,1641,1,10008.5,9997.24,18485.5,11.2648,0,417.6,0.8994
27,proportional,2,BUY,9641,1995,0.206929,10040.5,10062.4,43750.5,6.31249,1,425,0.914
27,proportional,3,BUY,8801,8801,1,10149.5,10154.7,45772.5,25.143,0,422.7,4.8299
27,proportional,4,SELL,5336,5336,1,10165.5,10151.1,76651,14.3649,0,425.1,2.7014
27,proportional,5,SELL,8260,8260,1,10130.5,10118.7,97671,-0.675424,0,433.8,4.06
28,proportional,0,SELL,1636,1636,1,9963.5,9959.61,6360,-44.2609,0,1423.6,0.8974
28,proportional,1,BUY,4773,4773,1,9960.5,9995.7,168012,56.2004,0,423,2.5707
28,proportional,2,SELL,528,528,1,9997,9954.86,22250,-7.85985,0,1334,0.2787
28,proportional,3,SELL,879,879,1,9998.5,9977.28,18655.5,21.2235,0,5515.8,0.4461
28,proportional,4,BUY,2686,2686,1,9987,9999,32232,12,0,424.8,1.4119
28,proportional,5,SELL,9696,9696,1,9964.5,9935.58,280423,5.02181,0,4350.1,4.7019
29,proportional,0,BUY,4393,4393,1,10008.5,10009,2196.5,0.5,0,421.3,2.4727
29,proportional,1,BUY,4098,4098,1,10008,10009,4098,1,0,416.4,2.2872
29,proportional,2,SELL,1650,1650,1,10008,10007,1650,-0,0,418.1,0.903
29,proportional,3,SELL,3044,3044,1,10008.5,10007,4614,1.51577,0,419.4,1.6496
29,proportional,4,SELL,6155,6155,1,10067.5,10026.4,252902,40.589,0,9334.6,3.38
29,proportional,5,BUY,5087,5087,1,10044,10077.5,170459,33.5087,0,436.7,2.1563
30,proportional,0,BUY,4251,4251,1,9877.5,9892.97,65770.5,15.4718,0,1168,2.2404
30,proportional,1,SELL,5965,5965,1,9784.5,9778.13,37986.5,5.52297,0,415,3.061
30,proportional,2,SELL,9604,9604,1,9765,9746.66,176141,61.725,0,1729.2,4.8406
30,proportional,3,BUY,7474,7474,1,9754.5,9802.17,356321,47.6747,0,521,3.9346
30,proportional,4,SELL,4123,3621,0.878244,9850.5,9784.42,239266,66.0772,1,1577.7,1.9209
30,proportional,5,SELL,539,0,0,9852,0,0,9852,1,10.8,0
31,proportional,0,BUY,2935,2935,1,10004,10005,2935,-23.48,0,431.2,1.579
31,proportional,1,SELL,6604,6604,1,10034,10005.3,189263,28.6588,0,428,3.2896
31,proportional,2,BUY,7824,7824,1,9871,9875.93,38579,4.93085,0,432.6,4.1016
31,proportional,3,SELL,8719,8719,1,9853,9851.32,14680,1.68368,0,421.7,4.9321
31,proportional,4,BUY,5821,5821,1,9698,9705.15,41642,7.15375,0,415.7,3.0439
31,proportional,5,SELL,9300,9300,1,9701,9684.66,151969,23.5427,0,16314.1,5.1915
32,proportional,0,BUY,5814,5814,1,10162.5,10168.1,32637,-10.8865,0,1570.4,3.1356
32,proportional,1,SELL,838,838,1,10180.5,10162.8,14845,17.7148,0,423.4,0.4432
32,proportional,2,SELL,6335,6335,1,10131.5,10128.2,20965.5,-29.7237,0,426.1,3.4655
32,proportional,3,SELL,3052,3052,1,10176,10125.3,154630,48.8461,0,2802.2,1.6393
32,proportional,4,SELL,5917,5917,1,10120,10112,47052,38.7702,0,6058.6,3.1228
32,proportional,5,SELL,6683,803,0.120156,10068.5,10026.3,33880.5,57.2988,1,3626.4,0.6547
33,proportional,0,BUY,6080,6080,1,9883.5,9896.75,80582,-86.339,0,3783.6,3.3095
33,proportional,1,BUY,3048,3048,1,9960,10001.3,125810,41.2762,0,1211.3,1.6377
33,proportional,2,SELL,1364,1364,1,9945,9932.51,17037,49.4744,0,2481.2,0.5456
33,proportional,3,BUY,5252,5252,1,9930.5,9997.4,351375,32.4031,0,419.6,2.7893
33,proportional,4,BUY,9697,9697,1,9998,10004,58182,-19.8084,0,419.5,5.1343
33,proportional,5,SELL,3668,3668,1,9850.5,9847.15,12287,-5.13663,0,430.4,2.2637
34,proportional,0,SELL,4822,4822,1,10240,10225.1,71826,8.70037,0,6315.2,2.7523
34,proportional,1,SELL,7788,7788,1,10192,10163.4,223100,79.6466,0,433.7,3.7497
34,proportional,2,BUY,2299,2299,1,10212.5,10228.8,37359.5,-29.2497,0,1217.7,1.2436
34,proportional,3,BUY,2528,2528,1,10261.5,10267.3,14732,5.82753,0,799.7,1.4297
34,proportional,4,SELL,514,514,1,10228,10209.6,9432,-6.64981,0,457,0.2461
34,proportional,5,SELL,2704,2704,1,10288,10257.2,83351,44.122,0,427.7,1.4056
35,proportional,0,BUY,7569,13,0.00171753,10124.5,10125,6.5,0.5,1,18374,0.0052
35,proportional,1,BUY,897,897,1,9995,9997,1790,1.99554,0,3439.8,0.6723
35,proportional,2,BUY,946,946,1,9906.5,9907.88,1307,1.38161,0,11563.8,0.6219
35,proportional,3,BUY,3058,3058,1,9903,9912.27,28335,9.26586,0,5081.7,1.9962
35,proportional,4,SELL,835,835,1,9797.5,9794.63,2400.5,2.87485,0,433.4,0.4285
35,proportional,5,SELL,8829,7832,0.887077,9746.5,9718.21,221548,28.2875,1,466.5,4.3583
36,proportional,0,SELL,4933,4933,1,9773,9771.81,5888,1.19359,0,912.8,2.4322
36,proportional,1,BUY,5410,5410,1,9667,9690.58,127584,23.583,0,434.9,2.9875
36,proportional,2,SELL,7531,7531,1,9587.5,9570.64,126986,20.3823,0,430.6,3.4849
36,proportional,3,BUY,9717,9717,1,9574,9595.6,209876,21.5988,0,2801.8,5.2368
36,proportional,4,SELL,4172,4172,1,9631,9634.64,-15180,-3.63854,0,441,2.1143
36,proportional,5,SELL,2073,2073,1,9658.5,9638.21,42054.5,20.2868,0,425.9,1.4877
37,proportional,0,SELL,7586,7586,1,9994,9993,7586,-0,0,434.5,4.1684
37,proportional,1,BUY,4631,4631,1,9994,9995,4631,1,0,4351.3,2.5544
37,proportional,2,SELL,7068,7068,1,9993.5,9993,3534,-38.0468,0,3685.2,3.8667
37,proportional,3,BUY,8050,8050,1,9993.5,9994.99,12021,37.0097,0,5057.2,4.435
37,proportional,4,SELL,5260,5260,1,9994,9990.47,18588,3.53384,0,433.5,2.8735
37,proportional,5,SELL,8329,8329,1,9932.5,9877.71,456319,54.7867,0,440.1,4.5331
38,proportional,0,SELL,9795,9795,1,10003.5,10003,4897.5,0.5,0,45433.7,5.349
38,proportional,1,SELL,9677,9677,1,10004,10003,9677,-0,0,571.5,5.2748
38,proportional,2,SELL,9233,9233,1,10003.5,10003,4616.5,-0,0,10883.7,5.0297
38,proportional,3,BUY,2179,2179,1,10003.5,10005,3256.5,26.647,0,26683.4,1.1551
38,proportional,4,SELL,4604,4604,1,9953,9952.32,3145,0.683102,0,4266.2,2.0576
38,proportional,5,SELL,2322,2322,1,9910.5,9900.69,22781,9.81094,0,1052.1,1.1313
39,proportional,0,BUY,7952,7952,1,10008.5,10016.8,66182,8.32269,0,1214.6,4.0988
39,proportional,1,SELL,5367,5367,1,10142,10137.2,25888,3.95399,0,566.8,2.9433
39,proportional,2,SELL,1843,1843,1,10157,10154.6,4394,2.38416,0,593,1.0207
39,proportional,3,SELL,4714,4714,1,10142.5,10150,-35278,-7.48367,0,417.3,2.4391
39,proportional,4,SELL,8240,8240,1,10136.5,10146.6,-83348,-10.115,0,420.6,4.0655
39,proportional,5,BUY,5033,5033,1,10117.5,10145.5,140910,95.7195,0,13812.8,4.4352
40,proportional,0,SELL,5023,5023,1,9847.5,9844.62,14452.5,34.4003,0,1211,2.7382
40,proportional,1,BUY,3639,3639,1,9880,9888.65,31472,8.64853,0,427.2,1.8741
40,proportional,2,SELL,7924,7924,1,9902,9847.11,434975,59.4809,0,439.4,4.3441
40,proportional,3,SELL,9097,9097,1,10050,10011.8,347907,38.2441,0,1532.1,5.0428
40,proportional,4,SELL,6196,6196,1,9966,9940.27,159407,33.7274,0,433.6,3.6394
40,proportional,5,SELL,4469,4469,1,9977.5,9905.73,320742,71.7705,0,4646,2.5166
41,proportional,0,BUY,5857,5857,1,9973,10003.5,178358,53.4521,0,966.1,3.0988
41,proportional,1,SELL,9714,9714,1,9992,9955.63,353266,31.7981,0,622.4,5.4246
41,proportional,2,SELL,8367,8367,1,10005.5,9933.65,601186,47.3521,0,6945.2,4.5078
41,proportional,3,BUY,3347,3347,1,9970.5,10007,122166,-7.50526,0,6060.1,1.7573
41,proportional,4,BUY,7171,7171,1,10006.5,10007,3585.5,0.5,0,1525.5,3.7594
41,proportional,5,SELL,8010,0,0,9868,0,0,9868,1,26.2,0
42,proportional,0,BUY,1877,1877,1,9996.5,9997.77,2387.5,8.96299,0,421.6,0.9938
42,proportional,1,BUY,8456,8456,1,9866,9882.95,143350,-32.6164,0,429.9,4.4354
42,proportional,2,BUY,9526,9526,1,9848.5,9849.72,11652,1.22318,0,440.7,5.0119
42,proportional,3,SELL,3186,3186,1,9822.5,9816.38,19514,6.12492,0,440.6,1.5984
42,proportional,4,BUY,6947,6947,1,9873.5,9878,31235.5,-11.5875,0,426.8,3.5483
42,proportional,5,BUY,7012,7012,1,9918.5,9927.86,65626,12.1008,0,1385,2.9398
43,proportional,0,SELL,9597,9597,1,10010,10001.1,85506,8.90966,0,433.6,5.1213
43,proportional,1,SELL,9796,9796,1,10006,10001,48980,5,0,423.1,5.2279
43,proportional,2,SELL,1052,1052,1,10006,10001,5260,5,0,419.3,0.5558
43,proportional,3,BUY,7560,7560,1,10151,10165.6,110542,-14.4137,0,434.7,4.1445
43,proportional,4,BUY,4527,4527,1,10256,10265.1,41144,22.7677,0,4292.8,2.0403
43,proportional,5,SELL,6983,6983,1,10238.5,10210.6,194483,-24.0429,0,431.7,3.8867
44,proportional,0,BUY,4122,4122,1,9907.5,9974.9,277841,34.9044,0,428.5,2.2293
44,proportional,1,SELL,1584,1584,1,9855.5,9853.23,3599,-1.2279,0,417.5,0.9171
44,proportional,2,SELL,1794,1794,1,9796,9795.89,199,10.1109,0,437.1,0.8796
44,proportional,3,BUY,7432,7432,1,9738.5,9758.8,150845,15.7967,0,427.6,3.8773
44,proportional,4,BUY,6414,6414,1,9620,9664.3,284150,45.1212,0,3357.7,3.3351
44,proportional,5,BUY,1625,1625,1,9561.5,9559.3,-3567.5,-66.1972,0,6078.4,0.839
45,proportional,0,SELL,5583,1489,0.266702,9863.5,9853.06,15538.5,101.936,1,641.8,0.6506
45,proportional,1,BUY,1326,1326,1,9990,9992,2652,2,0,432.9,0.6789
45,proportional,2,SELL,9142,9142,1,10128.5,10115.9,115345,4.45856,0,846.1,5.1958
45,proportional,3,SELL,2907,2907,1,10085,10082,8606,2.96044,0,416.5,1.5408
45,proportional,4,BUY,6579,6579,1,9958.5,9973.23,96922.5,14.7321,0,760.9,3.5631
45,proportional,5,SELL,2718,2718,1,9937,9934.43,6974,2.56586,0,5719.8,1.5057
46,proportional,0,BUY,1864,1864,1,10001.5,10009.1,14195,-23.1157,0,4729.7,1.0156
46,proportional,1,BUY,4877,4877,1,10152,10156.8,23558,4.83043,0,423.7,2.4908
46,proportional,2,SELL,9521,9521,1,10081,10072.8,78107,-24.4373,0,425.6,4.9154
46,proportional,3,BUY,7566,7566,1,10005,10032.5,208046,4.55476,0,432.3,4.4169
46,proportional,4,SELL,944,944,1,10021,9999.65,20150,2.34534,0,2692.9,0.5531
46,proportional,5,SELL,8297,8297,1,9973,9952.23,172296,20.7661,0,464.1,4.7903
47,proportional,0,SELL,9231,9231,1,9853,9848.94,37494,-10.7721,0,862.5,4.9209
47,proportional,1,SELL,5236,5236,1,9700.5,9694.19,33029,65.8971,0,10594.5,2.8504
47,proportional,2,BUY,9973,9973,1,9458.5,9483.12,245486,-62.8849,0,15499.1,5.7037
47,proportional,3,SELL,512,512,1,9729.5,9726.88,1340,2.61719,0,417.5,0.2723
47,proportional,4,BUY,8217,8217,1,9599,9656.67,473840,57.6658,0,462,4.3938
47,proportional,5,BUY,3563,3563,1,9677.5,9703.95,94227.5,26.4461,0,1840,1.5332
48,proportional,0,SELL,5685,5685,1,10005.5,10004,8526.5,1.49982,0,421.9,2.9895
48,proportional,1,SELL,2333,2333,1,10005.5,10004,3486.5,1.49443,0,5120.5,1.2437
48,proportional,2,SELL,7501,7501,1,10015.5,10004.5,82488.5,10.997,0,662.2,3.9589
48,proportional,3,SELL,3373,3373,1,10133.5,10128.5,17011.5,5.04343,0,421.1,1.7407
48,proportional,4,BUY,5368,5368,1,10285,10299.7,78653,74.5294,0,8136.6,4.1832
48,proportional,5,BUY,6142,6142,1,10193.5,10263.3,428950,69.8388,0,787.8,4.4213
49,proportional,0,SELL,8528,8528,1,9999,9998,8528,1,0,426.7,4.5722
49,proportional,1,BUY,4152,4152,1,9999,10000,4152,4.92727,0,5717.5,2.2683
49,proportional,2,BUY,6611,6611,1,9994.5,9999.86,35426.5,10.3388,0,1175.8,3.6299
49,proportional,3,BUY,9690,9690,1,9999.5,10007.9,81421,8.40258,0,451.2,5.118
49,proportional,4,BUY,1783,1783,1,10039,10042.3,5955,-1.67591,0,477,0.9292
49,proportional,5,SELL,9682,9682,1,10068.5,10011,556892,57.5183,0,455.5,4.8718
50,proportional,0,SELL,1769,1769,1,9995,9994,1769,1,0,429,1.0046
50,proportional,1,SELL,4754,4754,1,9995,9994,4754,1,0,424.6,2.7116
50,proportional,2,BUY,6948,6948,1,9975,9991.21,112655,41.6179,0,436.1,3.7647
50,proportional,3,SELL,9878,7081,0.716846,9911.5,9891.45,142007,20.0547,1,2693.1,3.8944
50,proportional,4,SELL,7672,1537,0.200339,9965.5,9927.94,57724.5,37.5566,1,454.5,1.0018
50,proportional,5,SELL,5943,5943,1,9993,9973.96,113155,19.04,0,2499,3.1872
51,proportional,0,SELL,1247,1247,1,10386.5,10378.3,10286.5,8.249,0,415.3,0.7148
51,proportional,1,BUY,1334,1334,1,10669.5,10670.7,1589,50.8555,0,420.2,0.7631
51,proportional,2,BUY,5151,5151,1,10548,10556.3,42966,39.3413,0,425.5,2.5734
51,proportional,3,BUY,7119,1048,0.147212,10762.5,10844.1,85544,81.626,1,420.6,0.4347
51,proportional,4,BUY,2607,2607,1,10550,10553.9,10195,3.91063,0,423.7,1.3668
51,proportional,5,SELL,7837,7837,1,10760,10744.3,122699,9.95658,0,419.6,4.0528
52,proportional,0,SELL,4119,4119,1,9987.5,9983.66,15802.5,-5.89908,0,6188.1,2.0256
52,proportional,1,BUY,1272,1272,1,9969.5,9992.58,29361,42.6379,0,9709.4,0.5763
52,proportional,2,BUY,7728,7728,1,9948,9996.01,371044,48.0129,0,2376.3,3.5772
52,proportional,3,SELL,2777,2777,1,9852.5,9854,-4165.5,-1.5,0,182.7,2.4993
52,proportional,4,SELL,7877,7877,1,9714.5,9686.58,219935,27.9212,0,2276.1,4.4873
52,proportional,5,BUY,9031,9031,1,9657.5,9730.7,661082,92.0314,0,2421.4,5.6644
53,proportional,0,SELL,1584,1584,1,10001.5,10001,792,0.5,0,418.8,0.8361
53,proportional,1,SELL,8398,8398,1,10001.5,10001,4199,0.5,0,525.2,4.4527
53,proportional,2,BUY,8825,8825,1,10001.5,10002.9,12648.5,1.43326,0,664.2,4.6235
53,proportional,3,BUY,6275,6275,1,10002,10003,6275,1,0,416.1,3.293
53,proportional,4,BUY,8566,8566,1,10002,10003,8566,1,0,1266.1,4.4929
53,proportional,5,SELL,1761,1761,1,10002,10001,1761,1,0,611.4,0.9339
54,proportional,0,SELL,2852,2852,1,9635,9622.33,36122,35.0513,0,1589.1,1.5593
54,proportional,1,SELL,7239,7239,1,9399,9368.99,217274,6.47259,0,5665.4,4.1511
54,proportional,2,BUY,5488,5488,1,9225,9235.54,57863,10.5435,0,423.4,2.9782
54,proportional,3,BUY,8135,8135,1,9010,9037.86,226601,32.6579,0,556.5,3.983
54,proportional,4,SELL,2005,0,0,8853,0,0,8853,1,16.2,0
54,proportional,5,BUY,6086,1913,0.314328,8807,8855.77,93298,48.7705,1,423.7,1.0292
55,proportional,0,BUY,1476,1476,1,9976.5,9979.27,4083,78.9523,0,5168.7,0.5904
55,proportional,1,SELL,6003,346,0.0576378,9725.5,9687.34,13203,35.5784,1,516.9,0.3044
55,proportional,2,SELL,1925,1925,1,9737,9714.51,43292,31.7494,0,1172.4,1.067
55,proportional,3,BUY,1037,1037,1,9738.5,9741.32,2922.5,-4.30849,0,909.1,0.5363
55,proportional,4,BUY,2370,2370,1,9740,9745.39,12786,5.39494,0,427,1.2315
55,proportional,5,BUY,4644,4644,1,9743,9766.78,110425,23.778,0,828.1,2.4111
56,proportional,0,BUY,2695,2695,1,10001.5,10002,1347.5,0,0,1370.9,1.483
56,proportional,1,SELL,844,844,1,10151,10153,-1662,-21.7254,0,421.4,0.4591
56,proportional,2,SELL,8830,8830,1,9664,9644.16,175229,84.1364,0,551.4,5.2735
56,proportional,3,SELL,6325,6325,1,9404,9367.46,231120,95.978,0,2997.5,3.583
56,proportional,4,SELL,6930,6930,1,9125,9109.69,106089,6.35699,0,829.8,3.933
56,proportional,5,SELL,2429,2429,1,9175,9073.23,247188,57.7653,0,422.1,1.0526
57,proportional,0,BUY,7744,7744,1,10001.5,10002.5,8007,1.03396,0,435.1,4.2046
57,proportional,1,SELL,2465,2465,1,10002.5,10000.1,5955.5,6.91602,0,616.2,1.364
57,proportional,2,SELL,9111,9111,1,10001,10000,9111,-19.6656,0,419.6,5.0349
57,proportional,3,SELL,4862,0,0,9866,0,0,9866,1,16.8,0
57,proportional,4,BUY,8314,8314,1,9850,9854.12,34262,4.85964,0,421,4.7971
57,proportional,5,BUY,8958,8958,1,9825,9852.62,247433,27.6215,0,419.3,5.1627
58,proportional,0,BUY,4294,4294,1,9953,9992.87,171210,70.585,0,1767.6,2.3116
58,proportional,1,SELL,847,847,1,9907.5,9915.93,-7141.5,-8.43152,0,419.6,0.3793
58,proportional,2,SELL,7637,6481,0.848632,9909,9895,90736,14.0003,1,548.1,2.9559
58,proportional,3,BUY,8867,8867,1,9925,9974.56,439431,49.558,0,2286.6,4.6943
58,proportional,4,SELL,9931,23,0.00231598,9994.5,9978.04,378.5,16.4565,1,419.1,0.0102
58,proportional,5,SELL,8165,2511,0.307532,9991,9950.42,101896,40.5798,1,527.8,1.5054
59,proportional,0,BUY,9030,6281,0.69557,10073,10096.9,150300,23.9293,1,478.2,3.0114
59,proportional,1,SELL,7437,7437,1,10147,10147.6,-4521,-0.607906,0,493,3.9198
59,proportional,2,BUY,1942,1942,1,10168,10174.5,12528,-23.5489,0,1251.2,1.0873
59,proportional,3,SELL,1008,1008,1,10133.5,10130.5,2993,58.4692,0,659.6,0.5112
59,proportional,4,SELL,9031,9031,1,10189.5,10136.1,481819,53.3516,0,428.3,4.5034
59,proportional,5,BUY,6593,6593,1,10198.5,10213.7,100115,5.69728,0,422.5,3.4337
60,proportional,0,SELL,708,708,1,9990.5,9990,354,0.5,0,416,0.3777
60,proportional,1,BUY,5421,5421,1,9990.5,9992,8107.5,1.49557,0,440.9,2.9244
60,proportional,2,SELL,1539,1539,1,9798,9774.41,36301,23.5874,0,427.2,0.7371
60,proportional,3,BUY,4868,4868,1,9757,9748.6,-40872,13.342,0,9928.4,2.1767
60,proportional,4,SELL,7029,7029,1,9786.5,9716.76,490216,31.2419,0,2298.4,3.4596
60,proportional,5,BUY,688,688,1,9850.5,9851.03,362,-7.97384,0,424.1,0.3697
61,proportional,0,BUY,549,549,1,10098.5,10088,-5764.5,0,0,676.2,0.2196
61,proportional,1,BUY,3070,2701,0.879805,10140,10159.7,53143,19.6753,1,422.7,2.3554
61,proportional,2,BUY,9630,9630,1,10150.5,10194,419009,43.5108,0,674,5.1075
61,proportional,3,SELL,2083,443,0.212674,10050,10043.8,2759,6.22799,1,419.3,0.2117
61,proportional,4,BUY,996,996,1,9978.5,9992.57,14018,20.621,0,417.7,0.5604
61,proportional,5,BUY,4338,4338,1,9985.5,10031.8,201065,54.8341,0,420.5,2.4777
62,proportional,0,SELL,4020,4020,1,10003,10002,4020,-35.0849,0,419.9,2.1345
62,proportional,1,SELL,5702,5702,1,9768,9756.41,66081,5.5053,0,421.3,2.7803
62,proportional,2,SELL,2595,2595,1,9714,9697.88,41837,29.0302,0,422.5,1.416
62,proportional,3,BUY,4645,4645,1,9723,9733.36,48117,10.3589,0,433.8,2.506
62,proportional,4,BUY,8509,8509,1,9647.5,9708.99,523186,38.221,0,438.7,4.6186
62,proportional,5,SELL,6181,6181,1,9605.5,9588.54,104843,16.9622,0,512.6,2.7289
63,proportional,0,BUY,2700,2700,1,10200,10204.5,12121,11.1634,0,2810.7,1.701
63,proportional,1,SELL,9150,9150,1,10050.5,10011.9,352772,38.5543,0,439.8,4.9155
63,proportional,2,BUY,2601,2601,1,10093,10111.9,49035,-21.5898,0,419.8,1.5534
63,proportional,3,BUY,9693,2584,0.266584,10163.5,10188.5,64556,24.983,1,435,1.7451
63,proportional,4,SELL,4513,4513,1,10167.5,10121.4,208241,46.1426,0,4264.6,2.8852
63,proportional,5,SELL,750,750,1,10193,10130.7,46716,62.288,0,427.6,0.4485
64,proportional,0,BUY,9086,9086,1,9759.5,9823.37,580287,95.0775,0,3545.2,5.0294
64,proportional,1,SELL,5198,5198,1,9749.5,9744.08,28197,5.42459,0,1875.8,2.8757
64,proportional,2,SELL,3383,3383,1,9460,9455.73,14443,4.26929,0,5356.8,1.5962
64,proportional,3,BUY,9287,2791,0.300528,9041,9071.84,86083,4.0122,1,327.5,2.5119
64,proportional,4,BUY,7316,858,0.117277,9129,9139.42,8944,28.4242,1,718.6,0.5807
64,proportional,5,SELL,3351,3351,1,9128,9053.34,250184,74.6595,0,433.8,1.4619
65,proportional,0,BUY,5270,5270,1,9871.5,9877.97,34071,0.730499,0,7919.2,2.81
65,proportional,1,SELL,2541,977,0.384494,9880.5,9863.73,16387.5,16.7733,1,426,0.3908
65,proportional,2,SELL,2337,0,0,9889,0,0,9889,1,16.7,0
65,proportional,3,BUY,7767,7767,1,9889,9920.77,246765,31.771,0,440,3.7953
65,proportional,4,BUY,766,766,1,10011,9998.88,-9281,-12.1162,0,421.4,0.3604
65,proportional,5,SELL,4586,3114,0.679023,10015,9956.75,181382,66.2473,1,427,1.3916
66,proportional,0,BUY,5883,5883,1,9925.5,9978.73,313125,48.2915,0,427.6,3.1632
66,proportional,1,BUY,4260,4260,1,9968,9993,106500,25,0,417.5,2.2845
66,proportional,2,BUY,5587,5587,1,9907,9955.51,271022,48.5094,0,462.7,3.0043
66,proportional,3,SELL,3853,3853,1,9920,9904.5,59703,-7.5048,0,432.9,1.5412
66,proportional,4,SELL,8602,518,0.0602186,9867.5,9864.97,1311,2.53089,1,423.2,0.2072
66,proportional,5,SELL,4050,0,0,9855,0,0,9855,1,14.8,0
67,proportional,0,BUY,9814,9814,1,10090.5,10113.1,222232,22.6444,0,443.6,4.7086
67,proportional,1,BUY,1388,113,0.0814121,10125.5,10150.8,2863.5,25.3407,1,425.9,0.0452
67,proportional,2,BUY,4279,4279,1,9993.5,10032.6,167320,39.1025,0,424.8,2.0626
67,proportional,3,SELL,8122,8122,1,9976,9950.02,211045,-9.19764,0,1237.4,4.6798
67,proportional,4,BUY,5240,5240,1,9879,9889.23,53622,-64.8266,0,421.5,2.771
67,proportional,5,SELL,776,776,1,9845.5,9842.06,2668,19.1632,0,417.2,0.4184
68,proportional,0,SELL,9295,9295,1,9986.5,9985.02,13716.5,1.97569,0,419.9,5.0275
68,proportional,1,BUY,626,626,1,9986,9987,626,-29,0,458.4,0.3449
68,proportional,2,BUY,3929,3929,1,9927.5,9953.86,103571,-33.1395,0,459,2.1521
68,proportional,3,BUY,4394,4394,1,9941.5,9985.08,191501,43.5824,0,426.8,2.3921
68,proportional,4,SELL,3917,3917,1,9984.5,9920.76,249655,63.7362,0,430.1,1.5668
68,proportional,5,BUY,3192,3192,1,9950,9987,118104,59,0,413.5,1.7223
69,proportional,0,BUY,6312,6312,1,10005,10006,6312,1,0,427.2,3.3618
69,proportional,1,SELL,7859,2351,0.299147,9908,9914.94,-16317,-6.94045,1,3234.5,0.9404
69,proportional,2,BUY,5342,5342,1,9810,9845.83,191415,39.3823,0,8479.8,2.9738
69,proportional,3,SELL,663,663,1,9795.5,9792.89,1727.5,-10.0985,0,414.5,0.3192
69,proportional,4,BUY,5380,5380,1,9800,9855.64,299362,55.6435,0,424.5,2.9755
69,proportional,5,SELL,3499,3499,1,9745.5,9734.96,36885.5,10.5417,0,779.1,1.6426
70,proportional,0,BUY,1362,1362,1,9858.5,9863.61,6955,5.10646,0,1712.5,0.7608
70,proportional,1,BUY,2704,2704,1,9903,9911.9,24055,-28.2535,0,829.5,1.3786
70,proportional,2,SELL,7512,7512,1,9973,9956.31,125338,-28.892,0,477.6,4.0173
70,proportional,3,SELL,1152,1152,1,9990,9983.77,7177,6.23003,0,412.8,0.7038
70,proportional,4,SELL,4002,4002,1,9904,9894.23,39090,17.1454,0,424.5,2.3973
70,proportional,5,BUY,3832,3832,1,9893.5,9941.13,182511,47.6281,0,1368.5,2.0998
71,proportional,0,BUY,9873,9873,1,9988.5,9990,14771.5,1.49615,0,475.6,5.2587
71,proportional,1,BUY,1517,1517,1,9989.5,9990,758.5,-22,0,419.2,0.8093
71,proportional,2,SELL,3681,3681,1,10123,10118.8,15439,4.19424,0,425,1.9584
71,proportional,3,SELL,3037,3037,1,10116,10114.4,4886,-64.3912,0,423.9,1.6063
71,proportional,4,SELL,7706,7706,1,10115,10081.9,254732,33.0563,0,438.3,4.0814
71,proportional,5,BUY,2845,0,0,10055,0,-0,-10055,1,14.5,0
72,proportional,0,SELL,8280,3409,0.411715,9994,9924.47,237023,69.5286,1,426.7,1.8571
72,proportional,1,BUY,7947,4776,0.600982,10097,10127.6,146217,67.6149,1,425,3.8579
72,proportional,2,BUY,4183,1225,0.292852,10074.5,10115,49580.5,96.735,1,421.1,0.679
72,proportional,3,BUY,1150,530,0.46087,10038.5,10087.4,25938,48.9396,1,417.7,0.3705
72,proportional,4,SELL,4747,4747,1,10111,10031.7,376372,60.1929,0,430.8,2.2768
72,proportional,5,SELL,1503,1503,1,10137.5,10135.6,2875.5,-2.87697,0,414.6,1.0152
73,proportional,0,BUY,3298,1300,0.394178,10059.5,10095.7,47054,36.1954,1,431.2,0.52
73,proportional,1,SELL,560,560,1,10150.5,10150,280,-49.0614,0,424.2,0.278
73,proportional,2,BUY,6655,6655,1,10102,10115.6,90452,13.5916,0,137.7,5.9895
73,proportional,3,BUY,3990,3990,1,10151,10153,8076,2.02406,0,139.1,3.591
73,proportional,4,BUY,8822,701,0.0794604,10156,10165.2,6464,9.22111,1,111.8,0.6309
73,proportional,5,BUY,8736,8736,1,10217,10232.6,135974,15.5648,0,435,4.1559
74,proportional,0,SELL,5108,5108,1,10118,10101.5,84523,16.5472,0,440.6,2.6642
74,proportional,1,SELL,7150,7150,1,10052.5,10026,189783,-33.4739,0,461.7,3.6835
74,proportional,2,SELL,2118,2118,1,10004,10002,4236,2,0,464.5,1.0767
74,proportional,3,SELL,6342,6342,1,10003,10002,6342,1,0,1494.8,3.2118
74,proportional,4,SELL,1081,1081,1,9998.5,9994.18,4669.5,-2.48968,0,415,0.5404
74,proportional,5,BUY,5519,5519,1,9859,9880.66,119525,19.5761,0,468.7,3.2606
75,proportional,0,SELL,7908,3634,0.459535,9996.5,9940.6,203134,76.8007,1,432.9,1.9361
75,proportional,1,BUY,2236,2236,1,9973,9997.52,54822,24.5179,0,492.1,1.1644
75,proportional,2,SELL,3443,3443,1,9999.5,9982.02,60181.5,9.41397,0,900.9,1.7282
75,proportional,3,BUY,8477,8477,1,9948.5,9996.97,410892,48.4715,0,432.1,4.2548
75,proportional,4,BUY,4053,4053,1,9849.5,9848.25,-5059.5,-1.24833,0,1783.4,2.2287
75,proportional,5,BUY,1509,1509,1,9755,9772.63,26608,17.6329,0,425,0.8061
76,proportional,0,SELL,9435,9435,1,9974,9951.69,210499,30.3104,0,442.8,4.8675
76,proportional,1,BUY,5836,5836,1,9953,9996.97,256614,43.9709,0,425,3.2119
76,proportional,2,BUY,1332,1332,1,9998.5,9999,666,0.5,0,415.4,0.7218
76,proportional,3,BUY,4814,4814,1,10000,10003.8,18192,3.77898,0,973.8,2.7896
76,proportional,4,BUY,6585,6585,1,10009.5,10020.9,75198.5,11.4197,0,439,3.768
76,proportional,5,SELL,1257,1257,1,10130,10123.1,8649,6.88067,0,463.6,0.6648
77,proportional,0,SELL,5517,5517,1,9846.5,9844.98,8365.5,1.51631,0,1413.7,3.1113
77,proportional,1,BUY,2576,2576,1,9829,9841.82,33034,12.8238,0,424.6,1.4084
77,proportional,2,SELL,1591,1591,1,9849.5,9841.32,13010.5,8.17756,0,1484.9,0.8659
77,proportional,3,SELL,5279,5279,1,9863,9816.88,243480,51.5783,0,425.3,2.8811
77,proportional,4,BUY,8427,8427,1,9996,10006.6,89514,10.6223,0,423.1,4.6668
77,proportional,5,SELL,2832,2832,1,10123.5,10122.1,3846,1.35805,0,420.5,1.5783
78,proportional,0,BUY,7373,7373,1,9848,9905.57,424500,82.6537,0,3318.5,3.8942
78,proportional,1,SELL,7598,7598,1,9669,9647.86,160627,24.2099,0,7901.2,3.9977
78,proportional,2,BUY,1476,1476,1,9553,9551.71,-1900,-1.28726,0,415.8,0.8064
78,proportional,3,BUY,9066,9066,1,9473,9494.12,191511,-20.5896,0,433.2,4.7739
78,proportional,4,BUY,2582,2582,1,9481.5,9509.22,71572,4.86495,0,427.1,1.3433
78,proportional,5,BUY,7418,4035,0.543947,9509.5,9564.28,221042,91.8085,1,528,2.8585
79,proportional,0,BUY,6373,3371,0.52895,10116.5,10130.2,46036.5,18.1566,1,440.5,1.5029
79,proportional,1,SELL,6441,6441,1,10211.5,10180.8,197561,47.1034,0,571.5,3.3594
79,proportional,2,BUY,4940,4940,1,10266.5,10280,66545,13.4706,0,438.9,2.354
79,proportional,3,BUY,7215,4412,0.611504,10269,10312.1,190370,43.1482,1,436.4,1.9733
79,proportional,4,SELL,9956,9956,1,10236.5,10200.4,359416,12.1624,0,429.3,5.3594
79,proportional,5,SELL,7236,7236,1,10005,9978.53,191530,26.469,0,429.6,3.5154
80,proportional,0,BUY,5643,5643,1,10260,10274.7,83080,43.4311,0,6220.8,2.5947
80,proportional,1,SELL,1306,1306,1,10150.5,10152.2,-2195,-1.6807,0,2066.5,0.6709
80,proportional,2,BUY,2404,2404,1,10025.5,10030.7,12512,5.20466,0,1396.2,1.2721
80,proportional,3,SELL,9543,7080,0.741905,9915,9877.44,265920,49.5475,1,8337.5,3.8845
80,proportional,4,SELL,748,748,1,10140,10138.7,953,-4.90538,0,30893.3,0.3937
80,proportional,5,SELL,8513,2348,0.275813,10175.5,10148.1,64407,27.4306,1,15877.5,1.3942
81,proportional,0,BUY,1360,1360,1,9999.5,10001,2037,1.49779,0,418.7,0.7195
81,proportional,1,SELL,8422,8422,1,9962.5,9931.35,262385,33.1201,0,440,4.3543
81,proportional,2,BUY,5847,0,0,10091,0,-0,-10091,1,20.5,0
81,proportional,3,SELL,5860,5860,1,10133.5,10142.3,-51579,-8.80188,0,577.2,2.803
81,proportional,4,SELL,5605,5605,1,10042.5,10052.9,-58533.5,-32.2563,0,4544.6,2.836
81,proportional,5,SELL,1186,1186,1,10011,10014,-3523,-2.97049,0,714.3,0.5554
82,proportional,0,BUY,6071,6071,1,9788,9807.59,118942,19.5918,0,430.2,3.1709
82,proportional,1,BUY,1729,1729,1,9584,9592.1,14009,8.107,0,417.8,0.9481
82,proportional,2,BUY,3301,3301,1,9579.5,9608.95,97202.5,29.4464,0,428.7,1.7929
82,proportional,3,SELL,6188,6188,1,9538,9530.36,47264,14.9104,0,423,3.9737
82,proportional,4,SELL,3311,3311,1,9518.5,9511.51,23134.5,6.98716,0,430.4,1.7159
82,proportional,5,SELL,3391,3391,1,9513,9504.55,28652,0.393386,0,454.4,1.8694
83,proportional,0,BUY,8923,8923,1,9921.5,9981.46,535040,5.46184,0,475.9,4.7437
83,proportional,1,SELL,6988,6988,1,9963.5,9906.46,398565,57.0356,0,1360.9,3.4702
83,proportional,2,SELL,7400,7400,1,9764,9753.96,74329,29.089,0,428.1,3.5945
83,proportional,3,SELL,8859,7126,0.80438,9820,9754.93,463659,65.0658,1,442.7,3.0224
83,proportional,4,BUY,7570,7570,1,9853,9855.83,21421,2.82972,0,425,3.7975
83,proportional,5,BUY,1767,1767,1,9864,9867.19,5631,3.18676,0,425,0.8958
84,proportional,0,BUY,6731,6731,1,9866.5,9874.88,56424.5,8.38278,0,1490.6,3.6779
84,proportional,1,BUY,4028,4028,1,9851,9849.46,-6208,-1.54121,0,421.9,2.1917
84,proportional,2,BUY,7467,7467,1,9866.5,9886.59,150022,20.0913,0,435.1,4.1748
84,proportional,3,BUY,556,556,1,10029.5,10034.4,2732,10.8795,0,421.2,0.3169
84,proportional,4,SELL,3056,3056,1,9925.5,9921.27,12931,4.23135,0,426.2,1.4114
84,proportional,5,SELL,8845,285,0.0322216,9868,9823.43,12703,44.5719,1,1420.1,0.1815
85,proportional,0,BUY,6401,6401,1,10004.5,10006,9589.5,21.0158,0,455.6,3.4379
85,proportional,1,SELL,7640,7640,1,10005,10004,7640,1,0,418.7,4.109
85,proportional,2,SELL,5863,5863,1,9974.5,9967,43974.5,65.2691,0,432.5,3.1147
85,proportional,3,SELL,7246,7246,1,9936.5,9918.75,128636,76.8241,0,432.8,3.8704
85,proportional,4,SELL,1317,182,0.138193,9954,9921.4,5933,32.5989,1,416,0.0893
85,proportional,5,BUY,6505,6505,1,10031,10042.6,75311,48.5774,0,431.6,2.602
86,proportional,0,SELL,9254,9254,1,9998.5,9997.68,7552,-21.1434,0,11425,4.6466
86,proportional,1,BUY,2363,2363,1,9998.5,10000,3544.5,-31.6525,0,415.1,1.2692
86,proportional,2,BUY,7442,7442,1,9996.5,10000,26047,3.5,0,428.4,3.9893
86,proportional,3,SELL,9447,9447,1,9999,9982.47,156168,52.6819,0,433.7,4.6293
86,proportional,4,SELL,1658,1658,1,10027.5,10011.9,25783,15.5507,0,429.9,0.8252
86,proportional,5,SELL,9183,0,0,9879,0,0,9879,1,15,0
87,proportional,0,BUY,6810,6810,1,9854.5,9855.37,5942,-30.6275,0,457.2,3.696
87,proportional,1,SELL,6000,6000,1,9856,9851.79,25231,17.4462,0,424.8,3.1695
87,proportional,2,BUY,1446,1446,1,9808.5,9786.1,-32397,-25.6729,0,420.8,0.5784
87,proportional,3,BUY,1562,1562,1,9630.5,9667.39,57622,36.8899,0,445.4,0.9218
87,proportional,4,BUY,6882,821,0.119297,9774,9802.75,23604,28.7503,1,1398.7,0.7389
87,proportional,5,BUY,9096,1919,0.210972,9790.5,9805.56,28902.5,15.0612,1,313.1,1.7271
88,proportional,0,BUY,6460,6460,1,9998.5,9999,3230,0.5,0,485.9,3.529
88,proportional,1,BUY,8265,8265,1,9998.5,9999,4132.5,0.5,0,7228.2,4.521
88,proportional,2,BUY,5849,5849,1,9998.5,9999,2924.5,0,0,516.6,3.1901
88,proportional,3,SELL,5830,5830,1,9998.5,9997.06,8396,1.94014,0,420.3,3.1825
88,proportional,4,SELL,8565,8565,1,9998.5,9997.01,12792.5,1.99358,0,1460.4,4.7085
88,proportional,5,SELL,5090,5090,1,9999,9997.08,9766,1.91866,0,441.2,2.8055
89,proportional,0,SELL,4222,4222,1,10007,10006,4222,1,0,537,2.1883
89,proportional,1,SELL,6791,6791,1,10007,10006,6791,1,0,27912.5,3.5129
89,proportional,2,SELL,919,919,1,10031.5,10022.5,8261.5,8.98966,0,423.7,0.4756
89,proportional,3,SELL,9015,9015,1,10143,10115.3,249733,-35.2981,0,491,4.902
89,proportional,4,SELL,6350,6350,1,10133,10072.7,383018,60.3178,0,434.1,3.431
89,proportional,5,SELL,9235,9235,1,10019,10007,110703,11.9873,0,418.2,5.044
90,proportional,0,BUY,646,646,1,10023.5,10019.7,-2426,-3.75542,0,1603.7,0.2584
90,proportional,1,BUY,9647,888,0.0920493,10083.5,10108,21739,24.4809,1,423.9,0.5777
90,proportional,2,SELL,4630,2951,0.637365,9855,9808,138685,46.9959,1,431.9,1.6754
90,proportional,3,SELL,9888,9888,1,9924.5,9866.95,569064,28.8385,0,422.9,8.5212
90,proportional,4,SELL,7491,7491,1,9858.5,9840.25,136730,18.2526,0,422.4,3.4824
90,proportional,5,SELL,8341,8341,1,9905.5,9844.52,508665,60.9838,0,466,3.8899
91,proportional,0,BUY,5178,5178,1,9849,9853.68,24230,-50.0831,0,544.8,2.8137
91,proportional,1,BUY,8773,8773,1,9873.5,9883.92,91429.5,10.4217,0,435.4,4.6972
91,proportional,2,BUY,2412,2412,1,9808.5,9823.45,36062,38.3073,0,423.8,1.3293
91,proportional,3,BUY,3872,3872,1,10040,10047.8,30010,7.25052,0,419.6,2.0753
91,proportional,4,BUY,552,552,1,10000,10013.2,7313,51.2482,0,415.6,0.2478
91,proportional,5,BUY,6209,6209,1,9905.5,9914.8,57719.5,9.2961,0,429.5,3.1046
92,proportional,0,BUY,7163,7163,1,10364,10375.6,83106,32.6191,0,19215.3,3.8642
92,proportional,1,SELL,9770,9770,1,10443,10422,205304,-43.4727,0,8895.8,5.1365
92,proportional,2,BUY,9570,9570,1,10276,10317.3,395180,31.4475,0,426.7,5.151
92,proportional,3,SELL,9896,9896,1,10149.5,10136.2,131361,24.7742,0,834.9,4.6334
92,proportional,4,BUY,9185,9185,1,10123,10152.5,271145,8.99969,0,429.7,4.943
92,proportional,5,BUY,3711,3711,1,10156.5,10182.5,96480.5,25.9985,0,423.1,2.2269
93,proportional,0,BUY,8935,8935,1,9867.5,9885.37,159710,17.8747,0,453.3,4.897
93,proportional,1,BUY,4699,4699,1,9838.5,9847.58,42668.5,9.08034,0,2070.2,2.4466
93,proportional,2,SELL,3518,3518,1,9840.5,9789.68,178790,50.8215,0,438.7,1.7582
93,proportional,3,BUY,921,921,1,9814,9847.88,31200,33.8762,0,415.7,0.4764
93,proportional,4,SELL,5796,5796,1,9843.5,9774.79,398219,46.0648,0,446.9,2.3184
93,proportional,5,SELL,8490,700,0.0824499,9741,9736.25,3328,4.75429,1,423.7,0.28
94,proportional,0,SELL,9790,9790,1,10016,9968.31,466914,68.2672,0,436.2,5.158
94,proportional,1,BUY,7795,7795,1,9900.5,9963.23,488953,92.4596,0,1027.1,4.2015
94,proportional,2,BUY,3850,3850,1,9590.5,9600.39,38062,24.506,0,3012.2,2.08
94,proportional,3,BUY,3060,3060,1,9500.5,9513.79,40661,-25.6648,0,426.6,1.3995
94,proportional,4,SELL,5230,5230,1,9416,9383.54,169780,7.03132,0,7412.1,2.821
94,proportional,5,BUY,4045,4045,1,9321.5,9328.36,27751.5,54.6155,0,23255.6,2.131
95,proportional,0,BUY,4069,4069,1,10001.5,10002,2034.5,0.5,0,421.8,2.2216
95,proportional,1,SELL,1118,1118,1,10001.5,10000,1658,1.48301,0,1782.3,0.6227
95,proportional,2,SELL,2072,2072,1,10057,10036.1,43216,-21.992,0,422.7,1.0988
95,proportional,3,BUY,9620,9620,1,10039.5,10067,264468,27.4915,0,452.2,4.091
95,proportional,4,BUY,1867,1867,1,9853,9853.04,82,0.0439207,0,417.3,0.9628
95,proportional,5,SELL,9338,9338,1,9875.5,9849.16,245944,26.338,0,441.1,5.0852
96,proportional,0,BUY,6380,6380,1,10061,10075.8,94406,14.7972,0,434.6,3.4565
96,proportional,1,SELL,8487,8487,1,10009,10001,67885,27.9987,0,418.2,4.5288
96,proportional,2,BUY,883,883,1,10001.5,10012.5,9699.5,44.8494,0,415.9,0.4207
96,proportional,3,BUY,8198,8198,1,9893,9934.78,342506,41.7792,0,447.7,4.4267
96,proportional,4,BUY,2207,2207,1,9717.5,9716.82,-1511.5,-0.684866,0,418,1.1123
96,proportional,5,SELL,2897,2897,1,9697,9684.93,34954,12.0656,0,527.3,1.6178
97,proportional,0,SELL,8893,8893,1,10105,10054.5,448938,-50.1909,0,7876.9,4.7452
97,proportional,1,BUY,2910,1906,0.654983,9998.5,10072.2,140557,-1.65688,1,427,0.7624
97,proportional,2,SELL,7186,7186,1,10111,9996.93,819720,114.072,0,426.1,3.7519
97,proportional,3,SELL,2523,2523,1,9996,9996,-0,-0,0,417.8,1.3197
97,proportional,4,BUY,7792,0,0,9996,0,-0,-9996,1,22.8,0
97,proportional,5,SELL,1736,1736,1,9768,9773.82,-10100,-3.91916,0,421.6,0.8294
98,proportional,0,BUY,3050,3050,1,10000.5,10001,1525,-42,0,2294.5,1.6115
98,proportional,1,SELL,1928,1928,1,10009.5,9999.46,19348,39.6971,0,4353.7,1.0547
98,proportional,2,SELL,6928,6928,1,10031,10002.4,198025,30.2778,0,1312.8,3.7972
98,proportional,3,SELL,8613,8613,1,10040,10000.6,339030,39.3626,0,423.8,4.7277
98,proportional,4,BUY,7988,7988,1,10019.5,10051,251915,31.5367,0,1124.8,4.2482
98,proportional,5,BUY,7170,7170,1,10030.5,10071.9,296998,41.4223,0,2740.5,3.7725
99,proportional,0,BUY,5702,5702,1,9843.5,9845,8553,1.5,0,420.8,3.0638
99,proportional,1,BUY,4782,2127,0.444793,9979,10021.8,90974,41.8528,1,4657.7,1.4118
99,proportional,2,BUY,9690,5,0.000515996,9995.5,10008,62.5,12.5,1,294.2,0.0045
99,proportional,3,BUY,9087,0,0,9983,0,-0,-9983,1,1243.4,0
99,proportional,4,SELL,2449,2449,1,9985,9981.34,8966,3.66109,0,10817.8,1.5196
99,proportional,5,BUY,9349,82,0.00877099,9985,10022.5,3075,37.5,1,25591.4,0.0738
100,proportional,0,BUY,5164,5164,1,9754.5,9766.97,64374,31.5167,0,4150.9,2.7406
100,proportional,1,SELL,7165,7165,1,9614.5,9600.28,101912,14.2235,0,432.1,3.568
100,proportional,2,SELL,1923,1923,1,9650,9634.97,28898,4.21785,0,28640.1,0.9987
100,proportional,3,BUY,6140,6140,1,9382.5,9387.6,31313,-91.7731,0,21107.2,3.2795
100,proportional,4,BUY,4022,4022,1,9582,9596.56,58552,-64.7655,0,11008,2.3108
100,proportional,5,SELL,650,650,1,9920.5,9900.41,13058,-6.41077,0,473.3,0.341
101,proportional,0,SELL,8659,8659,1,9776,9752.73,201512,54.4792,0,433.2,4.3411
101,proportional,1,SELL,2985,2985,1,9423.5,9416.04,22253.5,55.3113,0,8894.2,1.734
101,proportional,2,BUY,6910,6910,1,9391.5,9398.07,45393,22.0023,0,3511.3,3.466
101,proportional,3,BUY,4631,4631,1,9167.5,9189.27,100805,-33.0861,0,2801.8,2.5004
101,proportional,4,BUY,6772,6772,1,9023.5,9059.51,243874,51.9722,0,3906,3.4783
101,proportional,5,SELL,5995,0,0,8915,0,0,8915,1,12.3,0
102,proportional,0,BUY,8186,8186,1,10007.5,10009,12275,21.9163,0,4315.8,4.4354
102,proportional,1,SELL,891,891,1,10050.5,10032,16478.5,-3.66866,0,2094.4,0.5454
102,proportional,2,BUY,6529,6529,1,9821,9835.41,94068,6.04875,0,422.5,3.3811
102,proportional,3,BUY,6510,6510,1,9626,9696.98,462088,75.497,0,466.3,3.8595
102,proportional,4,BUY,4098,4098,1,9368.5,9387.3,77038,-20.7789,0,10835.1,2.1792
102,proportional,5,BUY,9470,9470,1,9184,9200.68,157999,22.2726,0,5630.1,4.9895
103,proportional,0,BUY,6518,6518,1,10135,10176.3,269445,36.3386,0,6514,3.5522
103,proportional,1,BUY,8855,8855,1,10135.5,10208.8,649223,73.3172,0,3134.3,4.7435
103,proportional,2,BUY,8757,1595,0.18214,10182,10237.3,88244,55.3254,1,2591.4,0.8665
103,proportional,3,SELL,8507,8507,1,10140,10128.8,95530,11.2296,0,813.3,4.8068
103,proportional,4,BUY,3582,0,0,10124,0,-0,-10124,1,18.1,0
103,proportional,5,SELL,4534,4534,1,10124,10109.7,64739,14.2786,0,5757.9,2.5426
104,proportional,0,SELL,4521,4521,1,10003.5,10003,2260.5,0.5,0,416.2,2.3754
104,proportional,1,SELL,1789,1789,1,9972.5,9975.36,-5116.5,-2.85998,0,3601.2,0.8641
104,proportional,2,BUY,8375,8375,1,9977.5,10001.8,203902,24.3466,0,450,4.4705
104,proportional,3,BUY,5188,5188,1,9991,10005,72632,14,0,423.9,2.7637
104,proportional,4,SELL,3581,3581,1,9991,9968.39,80954,22.6065,0,434.1,1.7159
104,proportional,5,SELL,4496,4496,1,9987,9957.96,130578,29.0431,0,441.5,2.1629
105,proportional,0,SELL,4462,4462,1,10122,10110.6,50848,11.3958,0,1693.8,2.2573
105,proportional,1,BUY,7670,7670,1,9881.5,9896.31,113611,2.075,0,419.8,4.04
105,proportional,2,BUY,1961,1961,1,10003.5,10006.6,6161.5,-6.78202,0,3847.7,1.0949
105,proportional,3,BUY,2250,2250,1,10128.5,10146.8,41146,25.6322,0,788.2,1.2105
105,proportional,4,SELL,2267,2267,1,10084,10004.9,179221,79.0565,0,429.3,1.3388
105,proportional,5,SELL,2219,2219,1,10149.5,10145.9,7962.5,3.58833,0,421.4,1.2656
106,proportional,0,BUY,5776,5776,1,9641,9710.76,402939,66.6281,0,524.3,3.1484
106,proportional,1,SELL,3976,3976,1,9719,9711.52,29724,14.4512,0,422.1,1.9684
106,proportional,2,SELL,8082,8082,1,9408.5,9389.43,154134,-27.2703,0,21026.5,4.6638
106,proportional,3,SELL,2977,2977,1,9221.5,9213.08,25058.5,8.41737,0,751.9,1.6093
106,proportional,4,SELL,2226,2226,1,9147,9115.61,69872,14.4739,0,470.8,1.2144
106,proportional,5,SELL,8506,8506,1,9074.5,9050.82,201426,65.833,0,7639.9,4.4824
107,proportional,0,BUY,8461,8461,1,9835.5,9844.38,75121.5,8.87856,0,898.9,4.6534
107,proportional,1,BUY,8451,8451,1,9765,9826.12,516492,60.1522,0,1025.1,4.0284
107,proportional,2,BUY,8893,8893,1,9550,9558.56,76088,10.9331,0,421.1,4.8397
107,proportional,3,BUY,4382,4382,1,9509,9517.35,36578,-0.98473,0,1091.6,2.2253
107,proportional,4,BUY,7478,7478,1,9517.5,9543.56,194906,26.0639,0,426.8,4.5437
107,proportional,5,BUY,6587,6587,1,9425,9446.68,142775,-14.3247,0,428.5,3.5393
108,proportional,0,SELL,6340,6340,1,9734,9697.68,230272,13.19,0,2808.9,3.751
108,proportional,1,BUY,7949,7949,1,9372.5,9353.2,-153446,20.3822,0,1794.7,5.8696
108,proportional,2,SELL,6336,6336,1,9449,9428.87,127533,30.7377,0,430.2,3.4929
108,proportional,3,BUY,524,524,1,9437,9443.23,3263,20.414,0,4654.2,0.2906
108,proportional,4,SELL,3846,3846,1,9549.5,9514.84,133290,81.5692,0,941.8,1.8624
108,proportional,5,SELL,3612,3612,1,9234.5,9221.04,48615,13.4593,0,698.1,1.7013
109,proportional,0,SELL,4635,4635,1,9982,9964.42,81466,-24.0425,0,68733.4,2.475
109,proportional,1,SELL,9223,3382,0.366692,9929,9868.09,205989,60.9075,1,3075.5,1.9413
109,proportional,2,BUY,8502,8502,1,9896,9911.74,133834,73.9677,0,3284.2,4.0623
109,proportional,3,BUY,2123,2123,1,9701.5,9698.33,-6720.5,-19.917,0,3573.1,1.0922
109,proportional,4,SELL,9534,9534,1,9540.5,9490.17,479863,68.2218,0,3454.8,4.1376
109,proportional,5,SELL,6871,6871,1,9679,9669.24,67063,-29.2397,0,832.6,3.4369
110,proportional,0,BUY,5695,5695,1,9939.5,9991.41,295602,53.257,0,7848.1,2.9665
110,proportional,1,SELL,7196,2198,0.305447,10158,10099.9,127781,58.1351,1,482.9,1.5157
110,proportional,2,SELL,4333,4333,1,9774.5,9749.87,106712,47.6664,0,1320.4,2.9412
110,proportional,3,SELL,828,828,1,9367,9353.95,10808,3.93947,0,593.4,0.4797
110,proportional,4,BUY,2154,2154,1,9628,9629.81,3904,-3.53332,0,419.7,1.1856
110,proportional,5,SELL,3074,3074,1,9469,9459.21,30104,9.7675,0,6190.7,1.7966
111,proportional,0,BUY,9288,9288,1,9703.5,9724.08,191124,-35.4691,0,751.6,5.2272
111,proportional,1,BUY,3008,3008,1,9921,9941.95,63025,16.9268,0,831.3,1.7027
111,proportional,2,BUY,519,519,1,10058.5,10064,2867.5,33.4961,0,7943.9,0.2751
111,proportional,3,BUY,6548,6548,1,9877.5,9880.41,19054,-11.3366,0,14017.9,3.7532
111,proportional,4,BUY,7491,7491,1,9794,9847.17,398285,100.429,0,451.5,3.0099
111,proportional,5,SELL,4795,4795,1,10319,10315.1,18486,-58.3267,0,13478.2,2.431
112,proportional,0,BUY,2566,2566,1,10001,10003,5132,2,0,417.4,1.3369
112,proportional,1,SELL,2171,2171,1,10022.5,10002.5,43392.5,95.2357,0,25004.4,1.0169
112,proportional,2,SELL,3601,3601,1,10149,10147.2,6585,165.314,0,1295.7,1.9264
112,proportional,3,SELL,3457,3457,1,10164.5,10154.3,35301.5,13.2072,0,629,1.8148
112,proportional,4,BUY,6450,6450,1,9935.5,9954.55,122861,24.3144,0,432.5,3.471
112,proportional,5,BUY,2618,2618,1,9806,9842.18,94708,11.1607,0,2822.4,1.3442
113,proportional,0,SELL,8302,8302,1,9561,9542.22,155947,-26.2574,0,2521.3,4.0903
113,proportional,1,BUY,4012,4012,1,10024.5,10043.1,74466,18.5608,0,429.4,2.0638
113,proportional,2,BUY,2422,2422,1,9920.5,9939.66,46400,-53.2127,0,16067.3,1.3198
113,proportional,3,SELL,1784,1784,1,10247,10247.8,-1433,20.0974,0,2033.7,0.8756
113,proportional,4,BUY,4799,4799,1,10332,10344.6,60555,28.8755,0,8001.5,2.2166
113,proportional,5,BUY,3544,3544,1,10208.5,10219.4,38692,10.9176,0,1853.1,1.9981
114,proportional,0,BUY,1666,1666,1,10118,10124.9,11562,11.4376,0,23605.5,0.8419
114,proportional,1,BUY,8474,8474,1,10363.5,10434.8,604090,71.2875,0,524.7,4.0646
114,proportional,2,BUY,9523,9523,1,10117,10144.3,259845,-39.6731,0,641.5,5.1052
114,proportional,3,BUY,2198,2198,1,10382.5,10416.4,74546,-24.202,0,3042.1,1.0682
114,proportional,4,BUY,2678,2678,1,10412,10421,24192,9.03361,0,1044.5,1.4762
114,proportional,5,BUY,2313,2313,1,10399,10400,2313,1,0,424,1.3977
115,proportional,0,BUY,6802,6802,1,9681.5,9701.39,135286,-2.63473,0,512.1,2.7208
115,proportional,1,BUY,3156,3156,1,9669,9669.37,1161,1.17647,0,414.5,1.6539
115,proportional,2,SELL,3920,3920,1,9800,9786.58,52618,13.423,0,687.7,2.216
115,proportional,3,BUY,6841,6841,1,9793.5,9854.57,417788,93.3112,0,2423.8,3.1549
115,proportional,4,SELL,5229,2419,0.462612,9484,9439.49,107660,48.3516,1,4848.2,2.1771
115,proportional,5,SELL,3453,3453,1,9060.5,9059.12,4754.5,7.58686,0,1153.7,1.9887
116,proportional,0,SELL,1622,1622,1,10075.5,10066.3,14869,9.16708,0,447.2,0.9188
116,proportional,1,BUY,7999,7999,1,10101.5,10115.6,112555,-17.2798,0,422.3,4.1446
116,proportional,2,SELL,1427,1427,1,10243.5,10222.5,29932.5,-5.63465,0,15548.2,0.7058
116,proportional,3,BUY,3415,3415,1,10130.5,10135.4,16642.5,-17.1538,0,422.6,1.8925
116,proportional,4,BUY,1034,1034,1,10311,10319,8237,28.3146,0,569.2,0.5351
116,proportional,5,SELL,3191,3191,1,9843.5,9838.46,16069.5,7.53588,0,431.3,1.6274
117,proportional,0,BUY,9169,9169,1,10010,10029.1,175300,19.1188,0,490.8,4.9096
117,proportional,1,SELL,8202,8202,1,9900.5,9880.13,167070,20.3694,0,975.2,4.5768
117,proportional,2,BUY,2290,2290,1,9782,9806.75,56672,22.3283,0,418.8,1.1185
117,proportional,3,BUY,9004,9004,1,9713.5,9732.7,172888,11.3706,0,3832.8,4.0876
117,proportional,4,BUY,9880,4157,0.420749,9629,9676.31,196686,69.9614,1,2595.6,2.9838
117,proportional,5,SELL,5199,5199,1,9704.5,9638.8,341560,65.6972,0,5738.4,2.1336
118,proportional,0,SELL,2212,2212,1,10004.5,10003,3229,1.45976,0,418.1,1.1683
118,proportional,1,SELL,6937,522,0.0752487,9870,9827.19,22347,42.8162,1,834.2,0.3163
118,proportional,2,SELL,2064,2064,1,9786,9796.33,-21319,-10.329,0,438.7,0.8931
118,proportional,3,SELL,7303,6530,0.894153,9717.5,9695.86,141301,14.5605,1,3598.8,5.259
118,proportional,4,SELL,3117,3117,1,9597,9584.3,39579,12.9817,0,790.2,1.4628
118,proportional,5,SELL,8164,8164,1,9528,9500.21,226874,27.7896,0,1134,4.6021
119,proportional,0,BUY,4527,4527,1,9936.5,9951.13,66242.5,-32.8366,0,442.4,2.3778
119,proportional,1,BUY,1651,1651,1,9885,9893.12,13404,-28.5645,0,956.1,0.8359
119,proportional,2,SELL,2287,2287,1,9502.5,9477.65,56838.5,29.7076,0,632.1,1.3468
119,proportional,3,SELL,2920,2714,0.929452,9399,9342.57,153140,83.8147,1,430.1,1.4181
119,proportional,4,BUY,8413,8413,1,9765,9789.19,203498,24.1885,0,946.4,4.5667
119,proportional,5,BUY,9807,9807,1,9604,9619.87,155657,-13.128,0,428,5.3808
120,proportional,0,SELL,2917,2135,0.731916,9255.5,9193.25,132909,50.2166,1,558.3,1.5045
120,proportional,1,SELL,2480,2480,1,9148.5,9140.66,19449,2.60395,0,426.8,1.3835
120,proportional,2,SELL,2222,0,0,8904.5,0,0,8904.5,1,370.7,0
120,proportional,3,BUY,7380,7380,1,9024,9054.71,226642,30.7103,0,7313.3,3.7215
120,proportional,4,BUY,718,718,1,9127,9127.84,606,-6.48227,0,412.6,0.3817
120,proportional,5,SELL,9488,0,0,8958,0,0,8958,1,32142.2,0
121,proportional,0,BUY,5701,5701,1,10078.5,10092.6,80521.5,3.61984,0,417,2.9959
121,proportional,1,BUY,6904,6904,1,10168.5,10196.1,190261,37.1357,0,424.2,3.8416
121,proportional,2,BUY,600,600,1,10135,10146.3,6800,11.3333,0,415.7,0.2805
121,proportional,3,BUY,2118,2118,1,10284,10260.1,-50533,-23.8588,0,448.1,0.8472
121,proportional,4,BUY,7560,7560,1,10366.5,10411.6,341003,45.1062,0,734.6,3.6585
121,proportional,5,BUY,611,611,1,10830,10827.2,-1689,20.0442,0,417.4,0.2984
122,proportional,0,SELL,2525,2525,1,9806.5,9795.91,26741.5,8.26017,0,419,1.3745
122,proportional,1,BUY,901,901,1,9896,9910.68,13224,39.645,0,582.4,0.4819
122,proportional,2,BUY,7011,1672,0.238482,9753.5,9768.86,25686,54.6728,1,425.1,0.6688
122,proportional,3,BUY,4987,2563,0.513936,9600,9659.44,152354,76.8342,1,418.7,1.6637
122,proportional,4,BUY,2631,2631,1,9632.5,9650.28,46787.5,4.41386,0,421.2,1.2954
122,proportional,5,BUY,592,592,1,9619,9634.61,9240,-48.7819,0,1268.6,0.3448
123,proportional,0,BUY,9284,9284,1,10010,10028.1,167712,-54.2616,0,6119.7,4.8746
123,proportional,1,BUY,3383,3383,1,9956.5,9996.99,136970,-11.2678,0,25890.3,1.9607
123,proportional,2,BUY,6565,3743,0.570145,9980.5,10007.3,100296,78.2164,1,778.6,1.7992
123,proportional,3,BUY,6783,6783,1,9605,9614.25,62730,7.49339,0,562.6,3.5637
123,proportional,4,SELL,6635,6635,1,9282.5,9250.43,212766,75.803,0,2941.8,3.2075
123,proportional,5,SELL,8427,8427,1,9424.5,9372.1,441546,59.2919,0,614.2,5.3823
124,proportional,0,BUY,8888,8888,1,9983,10001.6,164920,15.0203,0,1486.2,4.6757
124,proportional,1,BUY,8998,8998,1,9795.5,9802.33,61480,-1.24186,0,3088.7,4.8277
124,proportional,2,BUY,7495,7495,1,9649.5,9682.21,245179,34.0958,0,449.6,4.186
124,proportional,3,BUY,9966,9966,1,9726.5,9741.11,145593,29.5774,0,469.6,5.8224
124,proportional,4,SELL,2519,2519,1,9392.5,9388.92,9027.5,9.0272,0,420.6,1.2101
124,proportional,5,SELL,6072,5243,0.863472,9155.5,9108.81,244781,54.9005,1,533,2.8402
125,proportional,0,SELL,9416,9416,1,10006.5,10006,4708,0.5,0,420.6,5.2784
125,proportional,1,SELL,6214,6214,1,10118,10084.4,208635,-23.1769,0,437.4,3.7141
125,proportional,2,SELL,2130,2130,1,9699.5,9668.04,67003,60.6391,0,1989.8,1.0005
125,proportional,3,BUY,5356,5356,1,10164,10213.2,263753,8.94761,0,1946.1,2.7769
125,proportional,4,SELL,3294,3294,1,10117,10116.1,3096,1.42795,0,414.3,1.8171
125,proportional,5,SELL,4334,4334,1,10323,10320.2,11978,2.76373,0,951.6,2.0711
126,proportional,0,SELL,4885,4885,1,9292,9281.39,51831,68.6539,0,523.5,2.6155
126,proportional,1,SELL,4489,0,0,8873.5,0,0,8873.5,1,11.4,0
126,proportional,2,BUY,5898,5898,1,9035.5,9037.62,12500,44.7869,0,854.6,3.3852
126,proportional,3,SELL,8357,0,0,8781,0,0,8781,1,12.5,0
126,proportional,4,SELL,1398,0,0,8861,0,0,8861,1,11.8,0
126,proportional,5,SELL,6966,0,0,8717.5,0,0,8717.5,1,10.8,0
127,proportional,0,BUY,6568,6568,1,9893,9949.72,372559,7.28119,0,885.7,3.2482
127,proportional,1,BUY,8095,8095,1,9857.5,9869.93,100641,-19.9841,0,569.3,4.183
127,proportional,2,BUY,3220,3220,1,9976.5,10006.2,95777,57.6608,0,1151.7,1.612
127,proportional,3,SELL,845,845,1,9639,9638.37,530,-10.398,0,5250.6,0.419
127,proportional,4,SELL,6072,6072,1,9732.5,9720.6,72237,11.8967,0,5490.6,3.1983
127,proportional,5,BUY,5256,5256,1,9724.5,9775.65,268838,38.6899,0,2270.3,2.8314
128,proportional,0,SELL,8386,8386,1,10220.5,10144.5,637472,-32.7123,0,4862.5,3.9889
128,proportional,1,BUY,6471,6471,1,10337,10383,297503,38.7377,0,31577.4,3.6684
128,proportional,2,SELL,2731,2731,1,10379.5,10338.8,111160,15.7011,0,30723.6,1.4299
128,proportional,3,BUY,7907,571,0.0722145,10321.5,10441,68252.5,119.532,1,14656.2,0.5139
128,proportional,4,BUY,4993,4993,1,10212.5,10254,207406,50.2635,0,85270.7,2.4157
128,proportional,5,SELL,3304,3304,1,10181,10161.5,64286,24.1442,0,72739.7,1.8481
129,proportional,0,SELL,2363,2363,1,10175.5,10171.4,9720.5,-7.60622,0,1447.1,1.2962
129,proportional,1,SELL,6763,3414,0.504806,9881.5,9826.75,186926,55.7813,1,9073.3,1.6346
129,proportional,2,BUY,3629,3629,1,9872,9874.95,10691,2.94599,0,11678.3,2.0591
129,proportional,3,SELL,7043,167,0.0237115,9871,9845.54,4252,25.4611,1,3111.5,0.0668
129,proportional,4,BUY,7022,7022,1,9870.5,9883.28,89707,-41.4946,0,33141.3,3.9428
129,proportional,5,BUY,1795,1795,1,9879.5,9893.48,25092.5,-30.5209,0,4258.7,1.0015
130,proportional,0,BUY,3301,3301,1,9998.5,9999,1650.5,0.5,0,436.1,1.7524
130,proportional,1,BUY,7599,7599,1,9998.5,9999,3799.5,0.5,0,27218.6,4.0521
130,proportional,2,SELL,4616,4616,1,9998.5,9997.08,6554,1.41984,0,7941.9,2.4944
130,proportional,3,BUY,6927,6927,1,9998,9999,6927,1,0,8979.8,3.7023
130,proportional,4,BUY,8342,8342,1,9998,9999,8342,1,0,728.8,4.4438
130,proportional,5,BUY,1779,1779,1,9997.5,9999,2662.5,1.49663,0,5863.8,0.9546
131,proportional,0,BUY,1421,1421,1,9997.5,9998.72,1727.5,4.49467,0,422.6,0.7709
131,proportional,1,BUY,1694,1694,1,9998,9999,1694,1,0,7931.1,0.9206
131,proportional,2,SELL,4370,4370,1,9997.5,9997,2185,0.5,0,426.4,2.315
131,proportional,3,BUY,9276,9276,1,9997.5,9999,13882,1.49655,0,3389.4,5.0874
131,proportional,4,BUY,4384,4384,1,9998,9999,4384,1,0,421.2,2.4016
131,proportional,5,SELL,8770,8770,1,9998,9997,8770,1,0,423.3,4.642
132,proportional,0,SELL,1475,1475,1,9996.5,9995.11,2054.5,43.8929,0,418.9,0.7925
132,proportional,1,BUY,2524,2524,1,9996.5,9997,1262,0.5,0,429,1.4011
132,proportional,2,BUY,7364,7364,1,9999,10011.9,95014,12.9025,0,786.9,4.0391
132,proportional,3,BUY,2472,2472,1,10076.5,10083.4,17054,6.89887,0,3513.6,1.2588
132,proportional,4,SELL,8813,8813,1,10101.5,10041.9,525300,36.1052,0,9359.8,4.6592
132,proportional,5,BUY,914,914,1,10140.5,10139,-1371,6.70937,0,148.9,0.8226
133,proportional,0,BUY,1263,1263,1,10222,10234.6,15961,12.6374,0,3700.9,0.6402
133,proportional,1,BUY,1835,1835,1,10221.5,10238.8,31792.5,17.3256,0,1035.3,0.9365
133,proportional,2,BUY,2313,2313,1,10216,10243.4,63373,27.3986,0,431,1.1682
133,proportional,3,SELL,5746,5746,1,10223,10205.9,98470,17.1371,0,38141.2,3.3784
133,proportional,4,BUY,3251,3251,1,10218,10254,116938,35.9699,0,11847.3,1.6514
133,proportional,5,BUY,9941,5935,0.597022,10222,10268.6,276502,46.5884,1,1961.5,3.013
134,proportional,0,BUY,5207,5207,1,10003.5,10005,7758.5,1.49001,0,456.3,2.8658
134,proportional,1,SELL,5140,5140,1,10003.5,10003,2570,0.5,0,1826.2,2.704
134,proportional,2,BUY,1633,1633,1,10003.5,10005,2368.5,1.4504,0,1119.2,0.9097
134,proportional,3,SELL,8887,8887,1,10004,10003,8887,1,0,18093.8,4.6348
134,proportional,4,SELL,7134,7134,1,10004,10003,7134,1,0,430.6,3.7176
134,proportional,5,BUY,6993,6993,1,10004,10005,6993,29,0,11058.6,3.8907
135,proportional,0,BUY,1404,1404,1,9992,9993,1404,1,0,440.7,0.7236
135,proportional,1,BUY,4421,4421,1,9992,9993,4421,1,0,1031.5,2.2814
135,proportional,2,SELL,4143,4143,1,9992,9991,4143,1,0,422.1,2.2107
135,proportional,3,BUY,9393,9393,1,9992.5,9993,4696.5,0.5,0,27435,4.8102
135,proportional,4,SELL,3486,3486,1,9992.5,9991.02,5163,1.48107,0,1965.3,1.8534
135,proportional,5,SELL,8711,8711,1,9992,9991,8711,1,0,14585.7,4.6319
136,proportional,0,BUY,2290,2290,1,10001.5,10003,3362,1.46812,0,794.7,1.2805
136,proportional,1,SELL,5894,5894,1,10002,10001,5894,1,0,514.2,3.1811
136,proportional,2,SELL,8287,8287,1,10002,10001,8287,1,0,1470.3,4.4758
136,proportional,3,SELL,9400,9400,1,10002,10000.7,12161,1.29372,0,436.1,5.0695
136,proportional,4,BUY,1195,1195,1,10002,10003,1195,1,0,424,0.6535
136,proportional,5,BUY,2870,2870,1,10002,10003,2870,1,0,437.5,1.5665
137,proportional,0,SELL,805,805,1,9999,9998,805,-38.8941,0,3359.6,0.4435
137,proportional,1,BUY,5729,5729,1,9888.5,9893.94,31187.5,10.9438,0,5520.6,3.1286
137,proportional,2,BUY,8531,8531,1,9859,9867.38,71456,8.37604,0,3312.1,4.6139
137,proportional,3,BUY,8809,8809,1,9848.5,9848.57,636.5,0.0722556,0,420,4.6711
137,proportional,4,BUY,787,787,1,9852,9849.52,-1954,-2.48285,0,2916.9,0.4228
137,proportional,5,SELL,5770,5770,1,9855.5,9845.83,55776,9.66655,0,422.5,3.172
138,proportional,0,BUY,670,670,1,9771,9785.89,9979,9.83054,0,7976,0.349
138,proportional,1,SELL,3354,3354,1,9924.5,9912.77,39359,-35.6337,0,2560.2,1.8276
138,proportional,2,SELL,9633,9633,1,9861,9833.67,263287,-13.7184,0,1832.7,5.5272
138,proportional,3,BUY,1587,1587,1,9572.5,9574.16,2641.5,-49.0959,0,31756.5,0.8373
138,proportional,4,BUY,5885,5885,1,9786.5,9795.43,52557.5,59.9095,0,5950.4,2.759
138,proportional,5,BUY,3167,3167,1,9791,9792.52,4806,54.2692,0,11669.5,1.4423
139,proportional,0,BUY,5455,5455,1,10005.5,10007,8145.5,15.3953,0,5467.8,3.0055
139,proportional,1,BUY,644,644,1,10006,10007,644,21,0,5863.4,0.3521
139,proportional,2,SELL,3908,3908,1,10006,10005,3908,1,0,434,2.1437
139,proportional,3,BUY,1833,1833,1,10006,10007,1833,1,0,430,1.0032
139,proportional,4,SELL,9172,9172,1,10006.5,10005,13753,1.49945,0,2210.9,5.0458
139,proportional,5,SELL,3956,3956,1,10006,10005,3956,1,0,27787.2,2.1764
140,proportional,0,BUY,7266,0,0,10111,0,-0,-10111,1,19.6,0
140,proportional,1,SELL,5457,5457,1,10176,10153.9,120641,36.1194,0,10155,2.9658
140,proportional,2,BUY,1158,1158,1,10375.5,10378.4,3376,11.8702,0,1068.4,0.5577
140,proportional,3,SELL,5471,5471,1,10145,10133.6,62241,49.8123,0,6562.6,2.5934
140,proportional,4,SELL,6296,6296,1,10321.5,10324.1,-16135,-1.33183,0,447.1,3.1529
140,proportional,5,BUY,4444,4444,1,10637.5,10655.3,79197,17.8211,0,430.8,2.4931
141,proportional,0,BUY,555,555,1,9889.5,9890.42,508.5,-36.1502,0,425.4,0.303
141,proportional,1,SELL,3261,2679,0.821527,9890.5,9878.99,30843.5,43.6326,1,1968.1,1.0716
141,proportional,2,BUY,5042,5042,1,9891,9939.64,245260,48.6434,0,436,2.7053
141,proportional,3,BUY,8060,8060,1,9844,9846.65,21368,2.65112,0,12471.9,4.574
141,proportional,4,SELL,7342,7342,1,9996.5,9990.19,46303,8.95144,0,5574.8,4.1383
141,proportional,5,SELL,7460,7460,1,10130.5,10123.3,53441,7.16367,0,7133.9,4.01
142,proportional,0,SELL,4282,4282,1,9979,9945.54,143260,33.4563,0,429.6,2.4283
142,proportional,1,BUY,6821,6821,1,9960.5,9990.82,206831,30.3226,0,1216.8,3.7544
142,proportional,2,SELL,7314,7314,1,10157,10150.2,49824,23.4808,0,2597.9,3.9786
142,proportional,3,BUY,8572,8499,0.991484,10291.5,10319.6,239094,31.3782,1,527.6,6.2141
142,proportional,4,BUY,9210,9210,1,10058,10069,101318,11.0009,0,522.9,4.845
142,proportional,5,SELL,3886,3886,1,10091.5,10086.1,20820,-23.8016,0,424.7,1.8919
143,proportional,0,BUY,878,878,1,10396,10397,878,14.6757,0,7057.9,0.4457
143,proportional,1,SELL,8538,8538,1,10520.5,10500.8,167964,19.6725,0,15438,4.6032
143,proportional,2,BUY,9901,9553,0.964852,10425,10482.1,545270,88.4647,1,543.9,5.2342
143,proportional,3,BUY,9555,9555,1,10313.5,10325.3,112551,11.7792,0,529.5,5.3205
143,proportional,4,SELL,8542,8542,1,10374.5,10336.6,323800,48.269,0,4044,4.6048
143,proportional,5,SELL,5032,4267,0.847973,10391,10296.9,401541,94.1038,1,428.5,1.7068
144,proportional,0,BUY,8144,8144,1,9939,9963.26,197574,0.260069,0,433.3,4.6616
144,proportional,1,BUY,6014,6014,1,9934,9957.75,142838,23.7509,0,1575.5,3.2561
144,proportional,2,SELL,3983,3983,1,10380,10361.1,75241,10.8473,0,1623,2.2277
144,proportional,3,BUY,9886,9886,1,9956.5,9961.19,46394,66.859,0,429.9,4.5484
144,proportional,4,BUY,2539,2539,1,10324,10332.3,21165,52.652,0,1107.3,1.3396
144,proportional,5,BUY,9027,9027,1,9994,10008.4,130170,-87.4134,0,12585.5,4.6773
145,proportional,0,SELL,7833,7833,1,9858.5,9843.58,116848,14.9175,0,518,6.5367
145,proportional,1,SELL,1374,1374,1,9876.5,9867.3,12636,9.19651,0,520.5,1.1961
145,proportional,2,BUY,4060,4060,1,9977,9998.14,85836,27.28,0,4217.8,2.3665
145,proportional,3,SELL,6465,6465,1,9646.5,9640.64,37868.5,34.0558,0,500.4,2.9775
145,proportional,4,BUY,9975,5242,0.525514,9696,9720.01,125857,23.988,1,1071.3,2.5543
145,proportional,5,SELL,5542,5542,1,9942.5,9935.37,39517,-6.27468,0,3866.1,2.9863
146,proportional,0,BUY,9025,9025,1,9859,9870.89,107327,11.8922,0,433.3,4.717
146,proportional,1,SELL,6377,6377,1,9856.5,9825,200862,31.4978,0,519,3.6443
146,proportional,2,BUY,4581,4581,1,9868.5,9871.09,11877.5,-40.9513,0,32684.7,2.6019
146,proportional,3,SELL,8924,8924,1,10297,10270.6,235203,26.3562,0,1122.7,4.7576
146,proportional,4,BUY,3451,3451,1,10338.5,10362.6,83173.5,-22.752,0,20706.4,1.9069
146,proportional,5,BUY,9252,5025,0.543126,10247.5,10307.6,301828,61.927,1,3504.5,2.2775
147,proportional,0,BUY,505,505,1,9706.5,9707.05,277.5,0.549505,0,637.2,0.2425
147,proportional,1,SELL,8436,8436,1,9653.5,9598.92,460431,58.4281,0,823.5,4.4409
147,proportional,2,SELL,7883,7883,1,9701,9663.91,292374,37.0892,0,940.3,3.4502
147,proportional,3,SELL,8225,6945,0.844377,9745,9711.76,230845,33.239,1,435.6,3.722
147,proportional,4,SELL,9674,9674,1,9390,9373.95,155234,19.0465,0,528.3,4.8956
147,proportional,5,SELL,5466,862,0.157702,9464,9466.36,-2036,4.86886,1,886.7,0.3448
148,proportional,0,BUY,6576,6576,1,9822.5,9858.73,238281,36.2349,0,696.6,3.5079
148,proportional,1,BUY,3545,3545,1,9763,9791.11,99657,37.7204,0,5138.1,1.9175
148,proportional,2,BUY,680,680,1,9687.5,9695.65,5542,11.9342,0,3623.9,0.38
148,proportional,3,BUY,9631,9631,1,9148.5,9159.47,105618,2.61744,0,428.9,5.1889
148,proportional,4,BUY,7378,7012,0.950393,9315,9350.58,249485,35.5797,1,846.7,4.1453
148,proportional,5,SELL,7009,7009,1,9315.5,9291.8,166135,23.7032,0,673.9,3.1276
149,proportional,0,BUY,6322,6322,1,9674.5,9699.39,157377,24.8935,0,1908.1,3.4873
149,proportional,1,SELL,2725,2725,1,9755,9727.97,73645,37.0257,0,2133,1.4815
149,proportional,2,BUY,1877,1877,1,9952.5,9954.56,3873.5,10.5637,0,630.5,1.0748
149,proportional,3,SELL,8943,8943,1,9978,9971.76,55825,6.24231,0,687.2,4.6977
149,proportional,4,SELL,5881,5881,1,10108.5,10103.3,30559.5,-64.8124,0,1211.6,3.1084
149,proportional,5,SELL,2348,2348,1,10181.5,10178.4,7341,3.12649,0,602.7,1.3037
0,naive,0,SELL,1592,1592,1,10002.5,10002,796,0.5,0,114.1,1.4328
0,naive,1,SELL,597,597,1,10003,10002,597,1,0,105.2,0.5373
0,naive,2,BUY,8789,8789,1,10003.5,10004.7,10389.5,1.1821,0,116.7,7.9101
0,naive,3,SELL,629,629,1,10003.5,10002.3,735.5,1.16932,0,415.3,0.2516
0,naive,4,BUY,4273,4273,1,10005,10004,-4273,-1,0,1805.6,1.7092
0,naive,5,BUY,8592,8592,1,10011.5,10004,-64440,-7.5,0,429.1,3.4368
1,naive,0,BUY,3018,3018,1,10144,10162.4,55661,18.443,0,424.9,1.2072
1,naive,1,SELL,2663,2663,1,10161.5,10150.4,29605.5,11.1173,0,437.1,1.0652
1,naive,2,BUY,719,719,1,10038,10042.9,3504,4.87344,0,22685.5,0.6471
1,naive,3,BUY,8348,8348,1,10058.5,10080.1,180107,21.5749,0,498.7,3.3392
1,naive,4,BUY,2621,2621,1,10119.5,10128.6,23895.5,9.11694,0,480.7,1.0484
1,naive,5,SELL,5724,5724,1,10321.5,10328.4,-39448,-35.6264,0,18764.7,2.2896
2,naive,0,BUY,4881,4881,1,10003.5,10005,7319.5,1.49959,0,123.9,4.3929
2,naive,1,BUY,1961,1961,1,10003.5,10005,2933.5,1.49592,0,110.4,1.7649
2,naive,2,SELL,2239,2239,1,10004,10003,2239,1,0,110.6,2.0151
2,naive,3,BUY,8928,8928,1,9912,9995.86,748668,83.8562,0,90820.8,8.0352
2,naive,4,BUY,6738,6738,1,9913.5,9967.73,365432,54.2345,0,6019.1,2.6952
2,naive,5,BUY,9111,9111,1,9889.5,9938.11,442869,48.6081,0,555.1,5.3569
3,naive,0,SELL,4641,4641,1,10007.5,10006,6914.5,1.98987,0,46953.8,4.1769
3,naive,1,SELL,2889,2889,1,10007.5,10006,4229.5,-0.0359986,0,5991,1.1556
3,naive,2,SELL,9003,9003,1,10006.5,9985.92,185325,20.1206,0,90689.3,8.1027
3,naive,3,BUY,768,768,1,10001,10005.9,3766,4.90365,0,62924.5,0.6912
3,naive,4,BUY,9071,9071,1,10007,10008,9071,1,0,24890.3,8.1639
3,naive,5,SELL,8495,8495,1,10008,9964.91,366092,45.3187,0,112104,5.829
4,naive,0,BUY,8637,8637,1,9853,9898.07,389241,45.0667,0,140.8,7.7733
4,naive,1,BUY,3210,3210,1,9989,9990,3210,1,0,102.7,2.889
4,naive,2,SELL,5820,5820,1,10090.5,10057.7,190824,32.7876,0,442.1,2.328
4,naive,3,SELL,3111,3111,1,10067,10048.9,56164,-26.0692,0,724.2,2.7999
4,naive,4,BUY,2801,2801,1,10017.5,10083.4,184573,28.0317,0,528.2,1.2309
4,naive,5,BUY,3482,1213,0.348363,9958.5,9984.42,31440.5,17.0837,1,301.6,1.0917
5,naive,0,SELL,1172,1172,1,9918,9913.49,5291,4.46983,0,18532.8,0.4688
5,naive,1,BUY,6462,6462,1,9764.5,9774.25,63006,22.955,0,3530.8,2.5848
5,naive,2,SELL,2163,2163,1,9772.5,9691.57,175057,80.9327,0,110.1,1.9467
5,naive,3,BUY,7048,3296,0.46765,9856,9881.33,83480,50.5304,1,22286.1,2.9664
5,naive,4,BUY,869,869,1,9498.5,9495,-3041.5,8.94404,0,22536,0.7821
5,naive,5,SELL,8811,8811,1,9566.5,9535.78,270695,30.7224,0,440.9,3.5244
6,naive,0,SELL,2651,2651,1,10229.5,10199.1,80579.5,17.8924,0,5713,2.3859
6,naive,1,SELL,8006,8006,1,10135.5,10090.8,358097,33.7918,0,450.6,3.2024
6,naive,2,SELL,7537,7537,1,10129,10079.1,376197,89.4402,0,1840.4,5.5038
6,naive,3,SELL,5033,5033,1,10068,10047.4,103724,21.5359,0,3783.5,3.0127
6,naive,4,BUY,5492,5492,1,10006.5,10016,52291,9.64124,0,1565.6,2.1968
6,naive,5,SELL,8608,8608,1,10066,10020.9,388202,81.465,0,428.3,3.4432
7,naive,0,SELL,8074,8074,1,10129,10090.4,311483,38.5785,0,136,7.2666
7,naive,1,BUY,4826,4826,1,10144.5,10166.8,107681,26.8567,0,529.6,3.6659
7,naive,2,SELL,5570,5570,1,10157.5,10136,120010,21.5458,0,131.4,5.013
7,naive,3,BUY,2227,2227,1,10102,10081.4,-45822,-20.5757,0,114.9,2.0043
7,naive,4,SELL,5502,5502,1,9982,9980,11027,-5.99582,0,421.1,2.2008
7,naive,5,BUY,5977,3679,0.615526,10096.5,10140.8,163053,79.582,1,5210.6,1.8056
8,naive,0,SELL,9333,415,0.0444659,9885,9857.6,11373,74.5916,1,581.1,0.1675
8,naive,1,SELL,6748,334,0.0494961,9909,9877.47,10532,19.5329,1,511.3,0.1821
8,naive,2,SELL,3806,409,0.107462,9976.5,9959.14,7100.5,2.86653,1,917.9,0.1636
8,naive,3,SELL,7792,174,0.0223306,9891,9873.66,3017,17.3391,1,111.4,0.1566
8,naive,4,SELL,9290,140,0.01507,9931.5,9948.89,-2435,-17.3929,1,108.2,0.126
8,naive,5,BUY,4387,4387,1,9873,9874.4,6144,-12.4819,0,427.8,1.7548
9,naive,0,SELL,2063,2063,1,10135,10127.2,16193,7.84925,0,113.3,1.8567
9,naive,1,BUY,9412,9412,1,9997.5,10025.1,260050,70.5723,0,1818.3,5.0793
9,naive,2,BUY,8054,8054,1,9728,9753.38,204396,7.3782,0,435.7,3.2216
9,naive,3,SELL,5529,5529,1,9752.5,9708.93,240894,11.0693,0,134.4,4.9761
9,naive,4,BUY,8546,8546,1,9679.5,9758.33,673721,71.9895,0,544.1,6.7244
9,naive,5,SELL,1800,1800,1,9675.5,9689,-24300,-13.5,0,516.3,0.72
10,naive,0,BUY,2168,2168,1,9854,9853.34,-1427,-0.65821,0,422.4,0.8672
10,naive,1,SELL,4211,4211,1,9854,9845.5,35779,52.4966,0,434.5,1.6844
10,naive,2,BUY,4298,4298,1,9920,9917.29,-11637,-2.70754,0,555.5,1.7192
10,naive,3,SELL,6210,6210,1,9927,9855.6,443412,71.4029,0,136.1,5.589
10,naive,4,SELL,5453,5453,1,9979,9948.65,165480,-54.6534,0,591.3,3.9367
10,naive,5,SELL,6432,6432,1,9975,9919.51,356906,-22.5109,0,434.1,2.5728
11,naive,0,SELL,4164,46,0.0110471,9869,9836.02,1517,46.9783,1,259.2,0.0414
11,naive,1,BUY,7188,200,0.0278242,10002,10039.2,7432,120.104,1,599.1,0.113
11,naive,2,BUY,8177,8177,1,9992,10019.6,225827,27.6173,0,555.4,6.2728
11,naive,3,SELL,842,842,1,9647.5,9635.75,9896,9.25297,0,105.6,0.7578
11,naive,4,SELL,7629,7629,1,9696.5,9636.48,457907,60.022,0,430.4,3.0516
11,naive,5,SELL,860,860,1,9567.5,9540.96,22823,26.5384,0,113.9,0.774
12,naive,0,BUY,8032,8032,1,9976.5,9992.01,124614,-4.28268,0,1461,3.2128
12,naive,1,BUY,8549,8549,1,10107,10162.4,473999,55.445,0,3133.5,5.8251
12,naive,2,SELL,3418,3418,1,10003.5,9938.84,221002,60.8734,0,515.2,1.4322
12,naive,3,SELL,2942,2942,1,9879,9848.89,88579,30.1084,0,424.2,1.1768
12,naive,4,SELL,5326,5326,1,9782.5,9756.54,138263,60.2605,0,576.3,3.7034
12,naive,5,SELL,3861,3861,1,9816,9766.62,190658,76.3929,0,435.1,1.5444
13,naive,0,SELL,1024,1024,1,10003.5,10002,1530,1.49414,0,423.4,0.4096
13,naive,1,SELL,8375,8375,1,10003,10002,8375,1,0,121.1,7.5375
13,naive,2,SELL,4492,4492,1,10002.5,9986.69,71021,15.8106,0,311.5,4.0428
13,naive,3,BUY,7227,7227,1,10002.5,10004,10727.5,1.48436,0,420.8,2.8908
13,naive,4,BUY,3190,3190,1,10090,10102,38294,12.0044,0,1684.2,1.469
13,naive,5,BUY,1947,0,0,10126,0,-0,-10126,1,9.1,0
14,naive,0,BUY,7171,7171,1,9920,9962.86,307315,4.85525,0,459.3,2.8684
14,naive,1,BUY,5684,5684,1,9936.5,10001.1,367442,64.645,0,119.3,5.1156
14,naive,2,BUY,7348,7348,1,9870,9933.92,469713,63.9239,0,150.2,6.6132
14,naive,3,SELL,5288,5288,1,10008.5,10001.4,37337,7.0607,0,113.7,4.7592
14,naive,4,SELL,8528,8528,1,10094,10036.4,491519,53.6359,0,142,7.6752
14,naive,5,BUY,3499,3499,1,9992,10073,283509,86.1019,0,531.1,3.0416
15,naive,0,SELL,1824,1824,1,10140.5,10143,-4560,-2.5,0,423.3,0.7296
15,naive,1,BUY,705,705,1,10226,10226,0,0,0,2966.3,0.282
15,naive,2,SELL,8291,8291,1,10225.5,10167,485365,58.5411,0,558.7,3.3164
15,naive,3,SELL,5892,5892,1,10210,10162.1,282462,47.9399,0,160.8,5.3028
15,naive,4,SELL,1617,1617,1,10171,10143,45276,28,0,7630.1,0.6468
15,naive,5,SELL,4581,4581,1,10171,10142.9,128797,28.1155,0,571.1,1.8324
16,naive,0,SELL,7219,7219,1,10007.5,10006.4,8273.5,1.14607,0,118.8,6.4971
16,naive,1,SELL,3306,3306,1,9859,9865,-19836,-0,0,394.6,2.9754
16,naive,2,SELL,7157,7157,1,9852.5,9849.88,18746.5,2.61932,0,424.9,2.8628
16,naive,3,SELL,3652,3652,1,9814,9807.45,23916,-11.8816,0,424.7,1.4608
16,naive,4,SELL,9155,5942,0.649044,9747,9703.03,261296,43.9744,1,547.6,2.6048
16,naive,5,BUY,7770,7770,1,9798.5,9850.47,403842,51.9745,0,157.9,6.993
17,naive,0,BUY,9245,952,0.102975,9984.5,9994.55,9566,11.5483,1,293.2,0.8568
17,naive,1,BUY,6086,6086,1,9844.5,9865.03,124938,-7.02886,0,3118.7,2.4344
17,naive,2,SELL,7940,7940,1,9948.5,9929.24,152949,-31.7922,0,723.6,3.176
17,naive,3,SELL,6810,6810,1,9741,9700.27,277358,66.5426,0,562.6,5.842
17,naive,4,SELL,4205,4205,1,9887,9863.74,97788,23.2552,0,115.4,3.7845
17,naive,5,BUY,4707,4707,1,9898.5,9939.82,194494,30.7509,0,873.2,2.2388
18,naive,0,BUY,9477,9477,1,9992,9993.99,18850,1.98903,0,124.3,8.5293
18,naive,1,SELL,3922,3922,1,9953.5,9947.99,21598,5.50688,0,1064.2,1.5688
18,naive,2,BUY,1990,1990,1,9750,9759.05,18011,13.5185,0,2376,1.791
18,naive,3,BUY,9305,9305,1,9660,9716.01,521180,56.0107,0,900.4,8.3745
18,naive,4,BUY,5694,5400,0.948367,9752,9780.9,156082,17.115,1,943,2.398
18,naive,5,BUY,4962,4962,1,9806.5,9835.5,143893,28.999,0,532,3.1598
19,naive,0,BUY,1618,1618,1,10002,10003,1618,6.90621,0,105.1,1.4562
19,naive,1,SELL,6975,6975,1,10001.5,9988.62,89817.5,1.37706,0,429.4,2.79
19,naive,2,SELL,7953,7953,1,10150.5,10151.8,-10075.5,-1.26688,0,420.3,3.1812
19,naive,3,SELL,1469,1469,1,10175.5,10159.8,23071.5,-2.57337,0,330.1,1.3221
19,naive,4,BUY,3248,3248,1,10247,10270.5,76177,23.4535,0,435.2,1.2992
19,naive,5,SELL,6685,6685,1,10272,10240.9,207807,31.0856,0,123.3,6.0165
20,naive,0,SELL,2084,2084,1,10158.5,10162,-7294,-7,0,444.2,0.8336
20,naive,1,SELL,5527,5527,1,9857.5,9834.09,129405,19.9132,0,531.9,4.0103
20,naive,2,BUY,735,735,1,9745.5,9742.51,-2197.5,13.2153,0,409.6,0.294
20,naive,3,SELL,3457,3457,1,9729.5,9706.52,79452.5,33.8051,0,430.2,1.3828
20,naive,4,BUY,8391,8391,1,9752.5,9793.56,344495,60.4585,0,426.8,3.3564
20,naive,5,BUY,9651,3456,0.358098,9754.5,9803.64,169825,52.1265,1,537,2.5029
21,naive,0,SELL,8784,8784,1,10002.5,9990.39,106417,2.20156,0,446.8,3.5136
21,naive,1,SELL,8205,8205,1,10167.5,10141.2,215551,26.2706,0,709.4,7.3845
21,naive,2,BUY,8808,8808,1,10271,10311.6,357608,40.6004,0,4807.2,3.5232
21,naive,3,BUY,8293,8293,1,10238.5,10309.9,592139,71.4023,0,618.5,5.5802
21,naive,4,SELL,4573,4573,1,10241.5,10234.4,32580.5,-17.4201,0,526.5,1.8292
21,naive,5,BUY,1162,1162,1,10135,10142.8,9047,7.78571,0,109.9,1.0458
22,naive,0,BUY,9817,9817,1,10017,10036.9,195704,19.9352,0,2255.6,3.9268
22,naive,1,SELL,8786,8534,0.971318,10231,10153,666012,63.6332,1,1269.6,3.4136
22,naive,2,BUY,699,699,1,10252,10272.3,14217,57.7719,0,717.6,0.2796
22,naive,3,BUY,9127,9127,1,10159,10193.4,314311,34.4375,0,1610,3.9628
22,naive,4,BUY,3817,433,0.11344,10228.5,10252,10167.5,23.4815,1,108.2,0.3897
22,naive,5,BUY,6903,0,0,10215,0,-0,-10215,1,14.1,0
23,naive,0,SELL,6486,6486,1,10094,10057.8,234717,36.1883,0,575.4,5.8374
23,naive,1,SELL,6702,6702,1,10091,10017.7,490961,73.2559,0,127.1,6.0318
23,naive,2,BUY,879,45,0.0511945,10137.5,10177.5,1798.5,101.459,1,419.1,0.018
23,naive,3,BUY,8173,8173,1,9983,10013.8,251759,31.8037,0,2309.2,7.3557
23,naive,4,SELL,8545,8545,1,9775,9750.7,207606,24.2956,0,641.8,3.418
23,naive,5,BUY,5745,5745,1,9792,9822.92,177644,30.9215,0,131.8,5.1705
24,naive,0,SELL,9971,9971,1,9685,9650.16,347379,53.5942,0,553.5,7.5074
24,naive,1,SELL,4610,4610,1,9819.5,9809.32,46937,-19.7674,0,431.7,1.844
24,naive,2,SELL,6191,6191,1,9797.5,9780.2,107075,-33.4927,0,4358,2.4764
24,naive,3,BUY,6067,2107,0.347289,9747.5,9813.62,139312,66.1189,1,1981.8,0.8823
24,naive,4,BUY,539,539,1,9562,9556,-3234,-13.7244,0,1576.5,0.2156
24,naive,5,BUY,1973,1973,1,9739.5,9741,2957.5,1.49899,0,119.7,1.7757
25,naive,0,SELL,6347,6347,1,10005.5,10004,9517.5,1.49953,0,118.5,5.7123
25,naive,1,SELL,1122,1122,1,10004.5,10004,561,0.5,0,106.6,1.0098
25,naive,2,BUY,2952,2952,1,10004.5,10006,4405,1.99221,0,138.1,2.6568
25,naive,3,SELL,6737,6737,1,9992,10003.2,-75469,-11.2022,0,429.6,2.6948
25,naive,4,BUY,3400,3400,1,9906,9951.95,156233,45.9509,0,146.7,3.06
25,naive,5,SELL,1183,629,0.531699,9906,9889.49,10385,16.5103,1,296.7,0.5661
26,naive,0,BUY,8487,8487,1,9900.5,9970.56,594604,70.0606,0,143.4,7.6383
26,naive,1,BUY,3909,3909,1,9918,9958.16,156984,40.1596,0,2426.2,1.5636
26,naive,2,BUY,4206,4206,1,9947,9992.66,192057,45.6626,0,422.7,1.6824
26,naive,3,BUY,5883,5883,1,10037.5,10026,-67925.5,-29.1788,0,917.5,2.3532
26,naive,4,SELL,1284,1284,1,10140.5,10145,-5778,-6.05226,0,7123.8,0.5136
26,naive,5,BUY,8319,8319,1,10140.5,10156.8,135447,31.7149,0,1194.7,7.4871
27,naive,0,BUY,6224,6224,1,9876.5,9871.77,-29412,-76.7182,0,458.2,2.4896
27,naive,1,SELL,1641,1641,1,9966,9955.77,16785,10.2285,0,3786,1.4769
27,naive,2,BUY,9641,9641,1,9945,9979.29,330558,34.2867,0,550.1,5.2009
27,naive,3,BUY,8801,7423,0.843427,9969.5,9996.34,199232,26.8399,1,3499.2,2.9692
27,naive,4,SELL,5336,5336,1,9991,9969.59,114238,21.4089,0,676.8,2.1344
27,naive,5,SELL,8260,4246,0.514044,9960.5,9942.28,77344,18.2157,1,540.9,2.5349
28,naive,0,SELL,1636,1636,1,9961,9958.24,4519,41.1634,0,2712.4,0.6544
28,naive,1,BUY,4773,4773,1,9997.5,9999,7159.5,1.5,0,4940.9,4.2957
28,naive,2,SELL,528,528,1,9843,9810.1,17369,35.3129,0,421.8,0.2112
28,naive,3,SELL,879,879,1,9709.5,9696.3,11604.5,17.5032,0,417.1,0.3516
28,naive,4,BUY,2686,2686,1,9689.5,9691,4029,0,0,413,1.0744
28,naive,5,SELL,9696,9696,1,9540.5,9516.44,233262,80.8183,0,1659.8,5.4869
29,naive,0,BUY,4393,4393,1,10008,10009,4393,1,0,107.8,3.9537
29,naive,1,BUY,4098,0,0,10134,0,-0,-10134,1,12.3,0
29,naive,2,SELL,1650,1650,1,10134,10131.7,3737,2.26485,0,670.1,0.66
29,naive,3,SELL,3044,3044,1,10127,10125,5984,1.96583,0,1963.7,1.2176
29,naive,4,SELL,6155,6155,1,10042.5,10012.8,182898,55.3366,0,2869.7,2.462
29,naive,5,BUY,5087,61,0.0119914,10086,10098.1,738,26.05,1,5759.7,0.0254
30,naive,0,BUY,4251,4251,1,9877.5,9890.07,53440.5,12.5713,0,646.3,1.7004
30,naive,1,SELL,5965,1091,0.1829,9878,9875.96,2227,2.04125,1,418.6,0.4364
30,naive,2,SELL,9604,9604,1,9788,9761.24,257026,42.1788,0,548.3,5.4411
30,naive,3,BUY,7474,7474,1,9785,9835.27,375684,60.1998,0,997.5,2.9896
30,naive,4,SELL,4123,4123,1,9754,9733.13,86050,20.8707,0,435.8,1.6492
30,naive,5,SELL,539,539,1,9737,9713.12,12870,94.3892,0,417.6,0.2156
31,naive,0,BUY,2935,2935,1,9853,9854,2935,-0.771443,0,2841.9,2.6415
31,naive,1,SELL,6604,6604,1,9854.5,9847.57,45769,6.9305,0,127,5.9436
31,naive,2,BUY,7824,7824,1,9832,9883.43,402405,51.4321,0,852.4,7.0416
31,naive,3,SELL,8719,8719,1,9811.5,9805.11,55687.5,6.38691,0,5496.9,3.4876
31,naive,4,BUY,5821,5821,1,9710,9719.32,54276,9.32417,0,430.7,2.3284
31,naive,5,SELL,9300,9300,1,9696.5,9673.98,209391,22.5152,0,452.3,3.72
32,naive,0,BUY,5814,4157,0.714998,10110.5,10122.4,49637.5,17.6862,1,708,1.9763
32,naive,1,SELL,838,838,1,10148.5,10152,-2961,-3.03341,0,416.4,0.3352
32,naive,2,SELL,6335,6335,1,10166,10152.4,85909,33.4958,0,420.9,2.534
32,naive,3,SELL,3052,3052,1,10147.5,10129,56366,69.1195,0,427.5,1.2208
32,naive,4,SELL,5917,5917,1,10128,10108.3,116528,19.6938,0,138.7,5.3253
32,naive,5,SELL,6683,6683,1,10172.5,10138.4,228048,34.1237,0,2399.6,3.9087
33,naive,0,BUY,6080,6080,1,9959.5,10001.9,257814,42.4036,0,125.7,5.472
33,naive,1,BUY,3048,3048,1,9960.5,10000.7,122520,40.1969,0,423.3,1.2192
33,naive,2,SELL,1364,1364,1,9821.5,9821.91,-558,-14.0775,0,4539.1,0.5456
33,naive,3,BUY,5252,5252,1,9816,9856.77,214109,40.7671,0,126.3,4.7268
33,naive,4,BUY,9697,9697,1,9915.5,9977.28,599074,46.6965,0,570.3,3.8788
33,naive,5,SELL,3668,3668,1,9755,9739.34,57431,10.9098,0,422.8,1.4672
34,naive,0,SELL,4822,4822,1,10129,10061.5,325303,67.4623,0,138.6,4.3398
34,naive,1,SELL,7788,7788,1,10317,10312.7,33514,3.00509,0,3125.2,3.1152
34,naive,2,BUY,2299,2299,1,10293,10308.5,35735,-23.1306,0,432.7,0.9196
34,naive,3,BUY,2528,2528,1,10246,10250.9,12303,4.86669,0,2596.1,1.0112
34,naive,4,SELL,514,514,1,10233.5,10229.9,1846,3.59144,0,4613.2,0.4626
34,naive,5,SELL,2704,2704,1,10225,10221.9,8397,3.1054,0,656.6,1.0816
35,naive,0,BUY,7569,7569,1,10145,10151.9,52332,6.91399,0,123.9,6.8121
35,naive,1,BUY,897,897,1,10111,10101.6,-8442,-9.41137,0,106.2,0.8073
35,naive,2,BUY,946,946,1,10018,10001.8,-15318,-16.1924,0,108.9,0.8514
35,naive,3,BUY,3058,3058,1,10010,10005.2,-14625,-4.78254,0,127.2,2.7522
35,naive,4,SELL,835,835,1,9891,9887.15,3212,3.84671,0,115.6,0.7515
35,naive,5,SELL,8829,8829,1,9761,9742.73,161315,14.271,0,535.2,4.1696
36,naive,0,SELL,4933,1238,0.250963,9870.5,9855.54,18524,14.9628,1,687.7,0.4952
36,naive,1,BUY,5410,5410,1,9669.5,9690.64,114362,21.139,0,434.1,2.164
36,naive,2,SELL,7531,7531,1,9621,9597.23,179010,22.7698,0,427,3.0124
36,naive,3,BUY,9717,9717,1,9574.5,9607.02,316035,32.524,0,150.2,8.7453
36,naive,4,SELL,4172,4172,1,9741.5,9730.31,46686,-20.7812,0,435.6,1.6688
36,naive,5,SELL,2073,2073,1,9651.5,9641.23,21298.5,10.2742,0,436.5,0.8292
37,naive,0,SELL,7586,7586,1,9994.5,9993.02,11254,1.48352,0,3206.6,3.0344
37,naive,1,BUY,4631,4631,1,9994,9995,4631,1,0,4810.8,4.1679
37,naive,2,SELL,7068,7068,1,9994,9993,7068,1,0,3950.9,6.3612
37,naive,3,BUY,8050,8050,1,9993,10004.9,95614,11.8775,0,3932.3,7.245
37,naive,4,SELL,5260,5260,1,9994,9992.4,8404,-8.1002,0,422.9,2.104
37,naive,5,SELL,8329,8329,1,9991,9973.7,144083,-1.57598,0,7895.1,3.3316
38,naive,0,SELL,9795,7226,0.737723,9919,9901.96,123131,17.04,1,1238.4,3.3009
38,naive,1,SELL,9677,0,0,9913,0,0,9913,1,13,0
38,naive,2,SELL,9233,0,0,9913,0,0,9913,1,11.9,0
38,naive,3,BUY,2179,2179,1,9913,9937.69,53802,-41.6515,0,5993.5,1.9611
38,naive,4,SELL,4604,1069,0.232189,10001.5,9949.01,56113.5,54.9445,1,941.6,0.5311
38,naive,5,SELL,2322,440,0.189492,10003.5,9949.83,23616,53.6727,1,510.9,0.1895
39,naive,0,BUY,7952,7952,1,10014.5,10013.5,-8181,-1.0288,0,469,3.1808
39,naive,1,SELL,5367,5367,1,10155.5,10158,-13417.5,-2.5,0,416.1,2.1468
39,naive,2,SELL,1843,1843,1,10156.5,10158,-2764.5,-68.9662,0,419.1,0.7372
39,naive,3,SELL,4714,4714,1,10151,10155.1,-19249,-30.0834,0,6058.5,1.8856
39,naive,4,SELL,8240,8240,1,10110.5,10141.2,-252668,-30.6636,0,429.2,3.296
39,naive,5,BUY,5033,5033,1,9995,10014.1,96301,19.1339,0,121.9,4.5297
40,naive,0,SELL,5023,5023,1,9939,9930.45,42934,-15.2847,0,572.4,2.0092
40,naive,1,BUY,3639,3639,1,9868.5,9887.23,68140.5,18.7251,0,126.6,3.2751
40,naive,2,SELL,7924,7924,1,9847.5,9842.75,37615,4.74697,0,399,7.1316
40,naive,3,SELL,9097,9097,1,9852,9830.75,193303,21.2491,0,7618.3,5.0973
40,naive,4,SELL,6196,6196,1,9845.5,9836.07,58426,9.42963,0,4097.6,2.4784
40,naive,5,SELL,4469,4469,1,9840.5,9825.46,67232.5,15.0442,0,489.2,1.7876
41,naive,0,BUY,5857,5857,1,9999.5,10006.7,42062.5,25.6816,0,421.8,2.3428
41,naive,1,SELL,9714,0,0,9868,0,0,9868,1,15.4,0
41,naive,2,SELL,8367,0,0,9868,0,0,9868,1,2509.8,0
41,naive,3,BUY,3347,3347,1,9868,9873.31,17761,5.30654,0,4004.6,1.3388
41,naive,4,BUY,7171,7171,1,9877,9907.63,219619,30.626,0,154,6.4539
41,naive,5,SELL,8010,1565,0.195381,9992.5,9936.13,88224.5,56.3735,1,532.8,0.839
42,naive,0,BUY,1877,1877,1,9945.5,9992.65,88509.5,47.1548,0,121.8,1.6893
42,naive,1,BUY,8456,8456,1,9905,9983.54,664128,28.7219,0,601.6,7.6104
42,naive,2,BUY,9526,9526,1,9889,9956.64,644318,67.6378,0,1565.6,6.4564
42,naive,3,SELL,3186,408,0.12806,9886,9890.24,-1730,-0.878387,1,2653.4,0.1632
42,naive,4,BUY,6947,6947,1,9851,9848,-20841,-3,0,5647.2,2.7788
42,naive,5,BUY,7012,7012,1,9818.5,9852.9,241222,34.4013,0,133.7,6.3108
43,naive,0,SELL,9597,9597,1,10004.5,9999.68,46278.5,4.82218,0,2102.2,8.6373
43,naive,1,SELL,9796,9796,1,10004.5,10001,34286,32.8557,0,3734.3,3.9184
43,naive,2,SELL,1052,1052,1,10004.5,10001,3682,3.5,0,1950.3,0.4208
43,naive,3,BUY,7560,7560,1,10020.5,10074.7,409501,54.1668,0,457.7,3.024
43,naive,4,BUY,4527,0,0,10113,0,-0,-10113,1,17.9,0
43,naive,5,SELL,6983,6983,1,10244,10165.8,545953,76.9356,0,138.5,6.2847
44,naive,0,BUY,4122,4122,1,9934,9976.57,175454,42.5653,0,16233.7,1.6488
44,naive,1,SELL,1584,1584,1,9889.5,9882.4,11248,7.10101,0,4626.3,0.6841
44,naive,2,SELL,1794,0,0,9875,0,0,9875,1,10.1,0
44,naive,3,BUY,7432,7432,1,9873,9910.43,278213,37.4345,0,134.1,6.6888
44,naive,4,BUY,6414,6414,1,9873,9885.69,81421,12.6943,0,422.4,2.5656
44,naive,5,BUY,1625,1625,1,9895,9906.78,19138,11.7772,0,426.1,0.65
45,naive,0,SELL,5583,1374,0.246104,9863.5,9852.87,14609,50.9256,1,2345.1,0.5496
45,naive,1,BUY,1326,1326,1,9991,9992,1326,-41.9338,0,1987.1,1.1934
45,naive,2,SELL,9142,6762,0.739663,9990,9949.9,271126,87.4157,1,4914.4,3.6878
45,naive,3,SELL,2907,2907,1,10112,10089.1,66626,22.9192,0,113.9,2.6163
45,naive,4,BUY,6579,6579,1,10140.5,10141.2,4448.5,15.4173,0,112.6,5.9211
45,naive,5,SELL,2718,2718,1,9984.5,9982.86,4459,1.64054,0,107.9,2.4462
46,naive,0,BUY,1864,1751,0.939378,10113.5,10119.9,11270.5,10.8881,1,564.2,0.7249
46,naive,1,BUY,4877,0,0,10113,0,-0,-10113,1,12.5,0
46,naive,2,SELL,9521,9521,1,10134,10062.3,682415,62.8215,0,142.1,8.5689
46,naive,3,BUY,7566,0,0,10134,0,-0,-10134,1,12,0
46,naive,4,SELL,944,944,1,10134,10134,-0,-0,0,416.3,0.3776
46,naive,5,SELL,8297,8297,1,10146,10150,-33188,-5.717,0,414.8,3.3188
47,naive,0,SELL,9231,9231,1,9858,9844.31,126397,13.6927,0,396.7,8.3079
47,naive,1,SELL,5236,5236,1,9855.5,9812.58,224744,68.6933,0,563.2,3.9809
47,naive,2,BUY,9973,9973,1,9851.5,9864.79,132503,13.2862,0,429.2,3.9892
47,naive,3,SELL,512,512,1,9856,9847,4608,18,0,414.5,0.2048
47,naive,4,BUY,8217,8217,1,9856,9880.39,200432,24.3924,0,136.3,7.3953
47,naive,5,BUY,3563,3563,1,9755.5,9767.23,41810.5,11.7346,0,117.8,3.2067
48,naive,0,SELL,5685,5685,1,10133.5,10092.2,234903,-10.2303,0,2375.3,5.1165
48,naive,1,SELL,2333,2333,1,10195,10156.6,89658,38.4303,0,116.1,2.0997
48,naive,2,SELL,7501,7501,1,10279.5,10255.8,178014,22.2321,0,3301.3,6.7509
48,naive,3,SELL,3373,3373,1,10261,10295.9,-117865,-34.9437,0,4778.4,1.3492
48,naive,4,BUY,5368,5368,1,9843,9868.03,134361,26.187,0,2640.4,4.8312
48,naive,5,BUY,6142,6142,1,9779,9787.27,50825,8.27499,0,422.8,2.4568
49,naive,0,SELL,8528,8528,1,9999,9970.27,245005,12.7295,0,138.3,7.6752
49,naive,1,BUY,4152,4152,1,9970.5,9999.4,120008,28.9037,0,114.3,3.7368
49,naive,2,BUY,6611,6611,1,10044,10064.9,137894,31.2796,0,3231.2,3.4169
49,naive,3,BUY,9690,9690,1,9904.5,9945.33,395633,40.829,0,580.6,6.5295
49,naive,4,BUY,1783,1783,1,9883.5,9893.64,18072.5,10.136,0,115.4,1.6047
49,naive,5,SELL,9682,810,0.0836604,9883.5,9850.31,26881,33.1864,1,1243.6,0.6425
50,naive,0,SELL,1769,1769,1,9969,9963.74,9312,-47.5721,0,261.1,1.5921
50,naive,1,SELL,4754,4754,1,9965,9950.12,70720,14.8759,0,437,1.9016
50,naive,2,BUY,6948,6948,1,9963.5,9995.36,221391,31.864,0,689.7,2.7792
50,naive,3,SELL,9878,9878,1,9977,9921.24,550784,55.7587,0,575.1,6.7652
50,naive,4,SELL,7672,2203,0.287148,9887.5,9878.37,20122.5,43.6341,1,429.5,0.8812
50,naive,5,SELL,5943,79,0.0132929,9885.5,9872.89,996.5,112.68,1,9070.9,0.0711
51,naive,0,SELL,1247,1247,1,9996,9995,1247,1,0,106.7,1.1223
51,naive,1,BUY,1334,1334,1,10345.5,10352.6,9454,7.08696,0,109.9,1.2006
51,naive,2,BUY,5151,5151,1,10669.5,10690.4,107426,35.305,0,528.4,3.9184
51,naive,3,BUY,7119,7119,1,10492,10539.3,337067,47.3475,0,438.6,6.4071
51,naive,4,BUY,2607,2607,1,10621,10606.9,-36679,7.78363,0,6147,1.0428
51,naive,5,SELL,7837,7837,1,10813,10781.7,244983,24.2002,0,10076.9,3.1348
52,naive,0,SELL,4119,4119,1,9919,9870.97,197825,43.2412,0,4387.2,3.7071
52,naive,1,BUY,1272,1272,1,10039,10029.1,-12595,-15.0551,0,426.2,0.5088
52,naive,2,BUY,7728,2111,0.273163,9946.5,9945.11,-2929.5,4.1942,1,424.2,0.8444
52,naive,3,SELL,2777,2777,1,9709,9698.47,29250,10.5329,0,830,1.1108
52,naive,4,SELL,7877,7877,1,9456,9429.71,207087,26.2901,0,4026.6,6.0548
52,naive,5,BUY,9031,9031,1,9105,9150.46,410508,45.4554,0,5123.7,8.1279
53,naive,0,SELL,1584,1584,1,9516.5,9519.98,-5508,-3.47727,0,108.7,1.4256
53,naive,1,SELL,8398,8398,1,9586,9568.53,146717,-3.48685,0,450.3,3.3592
53,naive,2,BUY,8825,8825,1,9433,9455.63,199729,22.6322,0,438.6,3.53
53,naive,3,BUY,6275,6275,1,9326.5,9357.29,193209,30.7904,0,123.5,5.6475
53,naive,4,BUY,8566,8566,1,9436.5,9495.25,503222,73.2357,0,5836.2,5.8814
53,naive,5,SELL,1761,1761,1,9272.5,9209.92,110202,62.5795,0,359.5,1.5849
54,naive,0,SELL,2852,2852,1,9553,9506.35,133051,73.2038,0,1303.1,2.5668
54,naive,1,SELL,7239,7239,1,9379.5,9324.59,397498,63.5236,0,433.7,2.8956
54,naive,2,BUY,5488,5488,1,9509,9529.3,111420,58.4136,0,429.2,2.1952
54,naive,3,BUY,8135,8135,1,9119.5,9142.65,188354,23.1535,0,428,3.254
54,naive,4,SELL,2005,318,0.158603,9004,9003.27,232,-3.1765,1,3652,0.2862
54,naive,5,BUY,6086,6086,1,8861,8870.31,56656,-0.107104,0,6695.7,2.4344
55,naive,0,BUY,1476,1476,1,9895.5,9902.32,10059,6.81504,0,4239.5,0.5904
55,naive,1,SELL,6003,6003,1,9900,9854.67,272112,45.3293,0,431.1,2.4012
55,naive,2,SELL,1925,1925,1,9893,9865.03,53836,27.9668,0,123.1,1.7325
55,naive,3,BUY,1037,1037,1,9975.5,9979.76,4421.5,4.26374,0,419.8,0.4148
55,naive,4,BUY,2370,2370,1,9632.5,9640.24,18352,6.24346,0,426.2,0.948
55,naive,5,BUY,4644,4644,1,9748.5,9774.72,121778,26.2227,0,133,4.1796
56,naive,0,BUY,2695,2695,1,10001.5,10002,1347.5,0.5,0,418,1.078
56,naive,1,SELL,844,844,1,9999.5,9999.78,-238,-0.281991,0,435.3,0.3376
56,naive,2,SELL,8830,8830,1,9854,9829.73,214292,24.2686,0,4317.3,5.838
56,naive,3,SELL,6325,6325,1,9805,9789.78,96248,15.2171,0,1337,2.53
56,naive,4,SELL,6930,6930,1,9588.5,9568.89,135868,20.424,0,546.7,4.1125
56,naive,5,SELL,2429,2429,1,9395,9350.84,107265,60.8268,0,772.8,1.0561
57,naive,0,BUY,7744,7744,1,10001.5,10009.1,59116,7.63378,0,128.6,6.9696
57,naive,1,SELL,2465,2465,1,10001.5,10000.1,3533.5,1.43347,0,420.1,0.986
57,naive,2,SELL,9111,9111,1,10001,9993.09,72061,7.90923,0,215.7,8.1999
57,naive,3,SELL,4862,4862,1,9852.5,9830.86,105237,21.6448,0,107.9,4.3758
57,naive,4,BUY,8314,8314,1,9798.5,9841.66,358830,53.9948,0,435.5,3.3256
57,naive,5,BUY,8958,8958,1,9855.5,9853.22,-20381,-22.5795,0,423.6,3.5832
58,naive,0,BUY,4294,4294,1,9908.5,9970.17,264821,61.6723,0,131.1,3.8646
58,naive,1,SELL,847,847,1,9944,9917.99,22033,76.5726,0,800.9,0.3398
58,naive,2,SELL,7637,7193,0.941862,9999.5,9932.38,482767,58.9618,1,542.8,3.7762
58,naive,3,BUY,8867,8867,1,9943,10008.5,580423,65.4588,0,129,7.9803
58,naive,4,SELL,9931,0,0,9871,0,0,9871,1,10.4,0
58,naive,5,SELL,8165,0,0,9871,0,0,9871,1,9.7,0
59,naive,0,BUY,9030,9030,1,9998.5,10026.3,250739,13.367,0,153.9,8.127
59,naive,1,SELL,7437,7437,1,10003.5,9996.77,50044.5,5.22912,0,114.4,6.6933
59,naive,2,BUY,1942,1942,1,10085,10083.5,-3010,-1.54995,0,423.5,0.7768
59,naive,3,SELL,1008,1008,1,10153.5,10151.1,2406,2.32875,0,417,0.4032
59,naive,4,SELL,9031,9031,1,10174,10134.5,356792,39.5075,0,127.8,8.1279
59,naive,5,BUY,6593,6593,1,10125,10176.4,338562,51.3517,0,154.7,5.9337
60,naive,0,SELL,708,708,1,9772,9762.84,6486,9.16102,0,424.6,0.2832
60,naive,1,BUY,5421,5421,1,9798.5,9821.8,126333,23.3045,0,443.4,2.1684
60,naive,2,SELL,1539,1539,1,9848.5,9814.33,52585.5,34.1686,0,130.8,1.3851
60,naive,3,BUY,4868,3639,0.747535,9891.5,9909.67,66109.5,18.1669,1,536.5,1.9801
60,naive,4,SELL,7029,7029,1,9899.5,9840.89,411981,58.6117,0,443.4,2.8116
60,naive,5,BUY,688,274,0.398256,9882.5,9912.66,8263,30.1569,1,1725.9,0.1096
61,naive,0,BUY,549,549,1,10102,10103.3,707,1.2878,0,1778.8,0.4941
61,naive,1,BUY,3070,1818,0.592182,10103.5,10110.8,13193,45.2752,1,583.9,0.7322
61,naive,2,BUY,9630,9630,1,10153,10174.2,204072,21.1913,0,547.1,6.661
61,naive,3,SELL,2083,2083,1,10120.5,10118.3,4674.5,2.24412,0,2442.2,0.8332
61,naive,4,BUY,996,996,1,10118.5,10142.7,24055,67.0798,0,775.3,0.3984
61,naive,5,BUY,4338,4338,1,9999,10006.9,34304,7.90779,0,112.6,3.9042
62,naive,0,SELL,4020,4020,1,9791.5,9775.79,63164,15.7124,0,241.6,3.618
62,naive,1,SELL,5702,2725,0.477902,9674.5,9636.06,104738,38.4361,1,1231.4,1.09
62,naive,2,SELL,2595,2595,1,9660,9648.49,29872,33.6816,0,664.3,1.038
62,naive,3,BUY,4645,4645,1,9658,9683.89,120244,25.8868,0,168.9,4.1805
62,naive,4,BUY,8509,8509,1,9684,9688.72,40124,4.71548,0,430.1,3.4036
62,naive,5,SELL,6181,6181,1,9704.5,9636.19,422198,68.3057,0,578.4,4.4384
63,naive,0,BUY,2700,2700,1,10002.5,10004,4050,1.5,0,254.7,2.43
63,naive,1,SELL,9150,9150,1,10131,10117.7,121923,-69.7652,0,421.7,3.66
63,naive,2,BUY,2601,1215,0.467128,10094.5,10130.4,43619.5,74.4383,1,5286.6,0.74
63,naive,3,BUY,9693,0,0,10090,0,-0,-10090,1,35.1,0
63,naive,4,SELL,4513,4513,1,10068,10013.2,247392,39.3274,0,9678.4,2.9307
63,naive,5,SELL,750,750,1,10113.5,10116,-1891,24.126,0,416.5,0.3
64,naive,0,BUY,9086,9086,1,9934.5,9998.77,583941,64.2682,0,124.5,8.1774
64,naive,1,SELL,5198,175,0.0336668,9874.5,9871.55,515.5,44.1239,1,420.8,0.07
64,naive,2,SELL,3383,0,0,9875,0,0,9875,1,17,0
64,naive,3,BUY,9287,9287,1,9875,9898.2,215428,23.1967,0,434.4,3.7148
64,naive,4,BUY,7316,6196,0.846911,10089,10121.9,204107,96.4484,1,2335.5,3.5909
64,naive,5,SELL,3351,3351,1,10008,10000,26819,8.00328,0,433.2,1.3404
65,naive,0,BUY,5270,5270,1,10000.5,10073.6,385173,73.0879,0,434.8,2.108
65,naive,1,SELL,2541,802,0.315624,9907.5,9877.19,24311,49.2955,1,529.8,0.3898
65,naive,2,SELL,2337,1161,0.496791,9872,9847.66,28259,80.3402,1,618.2,0.5569
65,naive,3,BUY,7767,7767,1,9875,9900.62,199008,25.6222,0,514.5,3.1068
65,naive,4,BUY,766,766,1,9887,9892.05,3866,5.047,0,9242,0.6894
65,naive,5,SELL,4586,0,0,9894,0,0,9894,1,22.6,0
66,naive,0,BUY,5883,5883,1,9925.5,9984.42,346618,55.8986,0,123.1,5.2947
66,naive,1,BUY,4260,4260,1,9946,9985.33,167564,51.3343,0,722.8,1.704
66,naive,2,BUY,5587,5587,1,9908.5,9973.95,365687,65.4531,0,115.6,5.0283
66,naive,3,SELL,3853,3853,1,9918.5,9906.12,47711.5,-9.11705,0,426.9,1.5412
66,naive,4,SELL,8602,279,0.0324343,9864.5,9863.85,180.5,0.646953,1,1245.4,0.1116
66,naive,5,SELL,4050,4050,1,9838.5,9804.29,138563,43.4311,0,140.2,3.645
67,naive,0,BUY,9814,5725,0.58335,10106.5,10125.5,108952,74.5308,1,540,2.598
67,naive,1,BUY,1388,91,0.065562,10109,10113.1,375,7.12088,1,503.1,0.0394
67,naive,2,BUY,4279,4279,1,9864.5,9880.59,68846.5,16.0894,0,122.3,3.8511
67,naive,3,SELL,8122,3785,0.466018,9879.5,9833.38,174564,46.1201,1,541.2,2.0005
67,naive,4,BUY,5240,3554,0.678244,9855,9930.88,269667,75.877,1,319.1,3.1986
67,naive,5,SELL,776,776,1,9845.5,9850,-3492,-4.5,0,462.8,0.6984
68,naive,0,SELL,9295,9295,1,9986.5,9985.02,13791.5,1.48375,0,421.6,3.718
68,naive,1,BUY,626,626,1,9922.5,9932.75,6416,10.2492,0,808.9,0.2504
68,naive,2,BUY,3929,3929,1,9930,9974.62,175295,44.6157,0,432.1,1.5716
68,naive,3,BUY,4394,4394,1,9939,9985.1,202557,46.0985,0,2317.8,3.9546
68,naive,4,SELL,3917,3917,1,9954,9914.86,153311,39.1399,0,425.5,1.5668
68,naive,5,BUY,3192,3192,1,9981,9996.05,48041,45.3292,0,1389.1,2.8728
69,naive,0,BUY,6312,6312,1,10005.5,10006.4,5588,-24.5758,0,17628.3,5.6808
69,naive,1,SELL,7859,7859,1,10005.5,10004,11595.5,1.47544,0,427.6,3.1436
69,naive,2,BUY,5342,5342,1,10005,10006,5342,1,0,416.5,2.1368
69,naive,3,SELL,663,663,1,9858,9861,-1989,-3,0,102.9,0.5967
69,naive,4,BUY,5380,5380,1,9817.5,9858.22,219049,40.7154,0,120.9,4.842
69,naive,5,SELL,3499,3499,1,9790,9788.69,4599,24.9428,0,423.5,1.3996
70,naive,0,BUY,1362,1362,1,9839,9839.52,707,0.51909,0,447.6,0.5448
70,naive,1,BUY,2704,2704,1,9859.5,9867.96,22869,8.45747,0,115.2,2.4336
70,naive,2,SELL,7512,7512,1,9914.5,9847.51,503211,30.4876,0,550.7,6.5498
70,naive,3,SELL,1152,1152,1,9909.5,9900.18,10735,9.31858,0,114.9,1.0368
70,naive,4,SELL,4002,4002,1,9909,9896.32,50742,12.6792,0,1186.5,1.6008
70,naive,5,BUY,3832,3832,1,9787,9815.45,109010,28.4473,0,142.5,3.4488
71,naive,0,BUY,9873,0,0,10119,0,-0,-10119,1,9.8,0
71,naive,1,BUY,1517,0,0,10111,0,-0,-10111,1,11.5,0
71,naive,2,SELL,3681,3681,1,10429,10442.2,-48508,-13.1779,0,905.3,1.4724
71,naive,3,SELL,3037,3037,1,10282.5,10219.6,191139,62.9369,0,122.9,2.7333
71,naive,4,SELL,7706,7706,1,10402,10382,154336,27.8756,0,431.7,3.0824
71,naive,5,BUY,2845,2845,1,10319.5,10374,155052,54.5,0,113.5,2.5605
72,naive,0,SELL,8280,2862,0.345652,9895.5,9873.26,63649,22.2393,1,429.2,1.1448
72,naive,1,BUY,7947,7947,1,9908.5,9963.35,435891,54.8497,0,3448.1,3.1788
72,naive,2,BUY,4183,4183,1,9995.5,9996,2091.5,0.5,0,152.6,3.7647
72,naive,3,BUY,1150,1150,1,10023,9996.41,-30573,-26.5852,0,427.8,0.46
72,naive,4,SELL,4747,4747,1,10032.5,9989.03,206367,69.8329,0,531.5,2.2258
72,naive,5,SELL,1503,1503,1,10109.5,10070,59302.5,30.9561,0,583.3,1.1072
73,naive,0,BUY,3298,3298,1,10150.5,10152,4930,1.49485,0,109.6,2.9682
73,naive,1,SELL,560,560,1,10151,10150,560,1,0,1238.6,0.504
73,naive,2,BUY,6655,6655,1,10095,10111,106584,16.0156,0,121,5.9895
73,naive,3,BUY,3990,3990,1,10214,10213.6,-1528,-0.382957,0,436.3,1.596
73,naive,4,BUY,8822,8822,1,10272.5,10292.5,176538,20.0111,0,535.1,4.3778
73,naive,5,BUY,8736,8736,1,10317.5,10327.6,88256,10.1026,0,517.8,5.5924
74,naive,0,SELL,5108,5108,1,10012.5,10002,53634,10.5,0,632.5,4.5972
74,naive,1,SELL,7150,7150,1,10012.5,9995.81,119306,16.6862,0,142.4,6.435
74,naive,2,SELL,2118,2118,1,10005,10002,6354,-2.38745,0,415.5,0.8472
74,naive,3,SELL,6342,6342,1,9858,9856.43,9936,1.5667,0,132.6,5.7078
74,naive,4,SELL,1081,1081,1,9933,9917.9,16325,15.1018,0,117.1,0.9729
74,naive,5,BUY,5519,5519,1,9737,9760.18,127914,24.5469,0,19051,4.9671
75,naive,0,SELL,7908,3487,0.440946,9963.5,9943.14,70984.5,-11.1837,1,561.4,1.5563
75,naive,1,BUY,2236,2236,1,9999.5,10003.2,8375,-1.69565,0,114.4,2.0124
75,naive,2,SELL,3443,3443,1,9799,9780.15,64900,23.2866,0,11436.9,3.0987
75,naive,3,BUY,8477,8477,1,9660,9694.82,295143,71.593,0,25779.3,7.6293
75,naive,4,BUY,4053,4053,1,9561.5,9567.68,25052.5,6.18122,0,654,1.6212
75,naive,5,BUY,1509,1509,1,9566.5,9572.74,9420.5,6.24288,0,422,0.6036
76,naive,0,SELL,9435,9435,1,10138,10128.7,87634,9.28818,0,6562.2,8.4915
76,naive,1,BUY,5836,147,0.0251885,10138,10174,5298,36.0408,1,507.8,0.0918
76,naive,2,BUY,1332,1332,1,10275.5,10284.9,12551,21.4646,0,426.4,0.5328
76,naive,3,BUY,4814,2759,0.57312,10235.5,10270,95300.5,108.521,1,4453.6,1.1036
76,naive,4,BUY,6585,80,0.0121488,10244.5,10257.6,1052,13.15,1,511.8,0.04
76,naive,5,SELL,1257,1257,1,10296,10297.8,-2268,-1.8043,0,419.1,0.5028
77,naive,0,SELL,5517,1225,0.222041,9877,9867.1,12131,9.90286,1,516.4,0.491
77,naive,1,BUY,2576,2576,1,9851,9849,-5152,-2,0,576.2,1.0304
77,naive,2,SELL,1591,1591,1,9871.5,9826.93,70916.5,41.0735,0,149.6,1.4319
77,naive,3,SELL,5279,5279,1,9977,9943.97,174362,33.0294,0,115.3,4.7511
77,naive,4,BUY,8427,7989,0.948024,9998,10034.7,293022,36.6782,1,321.3,7.1901
77,naive,5,SELL,2832,2832,1,10058,10038.9,54164,19.1257,0,3243.6,2.5488
78,naive,0,BUY,7373,7373,1,10000,10001,7373,1,0,114.9,6.6357
78,naive,1,SELL,7598,7598,1,9917.5,9900.68,127784,68.3181,0,454.4,3.0392
78,naive,2,BUY,1476,1476,1,9850,9844,-8856,-6,0,412.2,0.5904
78,naive,3,BUY,9066,9066,1,9932,9960.46,258044,33.4628,0,433.3,3.6264
78,naive,4,BUY,2582,2582,1,9852,9904.11,134547,52.1096,0,536.3,1.2638
78,naive,5,BUY,7418,7418,1,9750.5,9778.62,208579,7.61796,0,428.3,2.9672
79,naive,0,BUY,6373,6373,1,10211.5,10228.8,110020,17.2634,0,546.8,4.7452
79,naive,1,SELL,6441,6441,1,10269,10252,109524,17.0042,0,159.5,5.7969
79,naive,2,BUY,4940,4940,1,10267.5,10274.4,34195,6.92206,0,1165.9,1.976
79,naive,3,BUY,7215,5112,0.708524,10218,10285.7,345963,73.1884,1,530.5,2.1023
79,naive,4,SELL,9956,9956,1,10028.5,9994.15,342010,34.8789,0,2073.7,5.6299
79,naive,5,SELL,7236,7236,1,10011.5,9970.89,293845,58.1088,0,1618.9,2.8944
80,naive,0,BUY,5643,5643,1,10219,10222.3,18559,-11.4672,0,424.3,2.2572
80,naive,1,SELL,1306,1306,1,10255.5,10239.2,21254,16.2741,0,121.2,1.1754
80,naive,2,BUY,2404,2404,1,10238.5,10268.7,72599,30.1993,0,431.7,0.9616
80,naive,3,SELL,9543,5589,0.585665,10066.5,10023.4,240773,41.6237,1,657.5,3.8121
80,naive,4,SELL,748,748,1,10041,10026.4,10943,13.0999,0,2243.5,0.6732
80,naive,5,SELL,8513,6534,0.767532,9986,9919.69,433277,104.588,1,521.5,2.8231
81,naive,0,BUY,1360,1360,1,9997,10000.8,5176,3.80588,0,112.1,1.224
81,naive,1,SELL,8422,2892,0.343386,9948,9925.91,63880,22.0885,1,580.2,2.6028
81,naive,2,BUY,5847,40,0.00684112,10130,10166,1440,36,1,111.3,0.036
81,naive,3,SELL,5860,5860,1,10142.5,10149,-38090,-6.5,0,427.3,2.344
81,naive,4,SELL,5605,5605,1,9992.5,9990.5,11203.5,17.5938,0,427.8,2.242
81,naive,5,SELL,1186,1186,1,10094,10082.8,13324,-13.7656,0,530.3,1.0674
82,naive,0,BUY,6071,6071,1,9992.5,9998.58,36937.5,32.1095,0,18858.2,5.4639
82,naive,1,BUY,1729,1729,1,9837.5,9837.05,-770.5,-0.445633,0,416.7,0.6916
82,naive,2,BUY,3301,3301,1,9783,9815.67,107830,26.4072,0,125,2.9709
82,naive,3,SELL,6188,6188,1,9739,9736.52,15326,-10.5233,0,436.1,2.4752
82,naive,4,SELL,3311,3311,1,9613,9610,9923,2.99698,0,427.9,1.3244
82,naive,5,SELL,3391,3391,1,9585,9579.02,20279,5.98024,0,421.4,1.3564
83,naive,0,BUY,8923,8923,1,9987.5,10003.8,145376,16.2922,0,1282.6,3.5692
83,naive,1,SELL,6988,6988,1,9921.5,9903.09,128625,85.725,0,437.2,2.7952
83,naive,2,SELL,7400,3411,0.460946,9920,9893.45,90558,26.5488,1,536.9,2.4789
83,naive,3,SELL,8859,0,0,9924,0,0,9924,1,3250.8,0
83,naive,4,BUY,7570,7570,1,9853.5,9853.53,224,8.52959,0,424.8,3.028
83,naive,5,BUY,1767,1767,1,9788,9817.55,52214,33.6794,0,440.7,1.5903
84,naive,0,BUY,6731,6731,1,9851.5,9846,-37020.5,-5.5,0,421.5,2.6924
84,naive,1,BUY,4028,4028,1,9851.5,9847.31,-16874,-4.18918,0,422.8,1.6112
84,naive,2,BUY,7467,7467,1,9868.5,9879.35,81024.5,10.851,0,127,6.7203
84,naive,3,BUY,556,556,1,9947,9937,-5560,-10.5358,0,414,0.2224
84,naive,4,SELL,3056,3056,1,10031,10014.7,49723,14.2706,0,427.2,1.2224
84,naive,5,SELL,8845,8845,1,10004.5,9972.83,280148,31.673,0,437,3.538
85,naive,0,BUY,6401,6401,1,10004.5,10006,9589.5,19.8324,0,445,2.5604
85,naive,1,SELL,7640,7640,1,9987,9959.06,213439,54.6928,0,134,6.876
85,naive,2,SELL,5863,5863,1,9938.5,9941,-14630.5,-2.49539,0,1825.8,2.3452
85,naive,3,SELL,7246,7246,1,10035.5,9984.28,371110,51.2158,0,442.4,2.8984
85,naive,4,SELL,1317,1238,0.940015,10017,9978.85,47232,38.1519,1,305.2,1.1142
85,naive,5,BUY,6505,6505,1,9996,10045.9,324398,49.869,0,433,2.602
86,naive,0,SELL,9254,9254,1,9999,9996.63,21950,-24.6281,0,430.9,3.7016
86,naive,1,BUY,2363,2363,1,9990.5,9999.98,22412.5,9.48477,0,422.4,0.9452
86,naive,2,BUY,7442,7442,1,9999.5,10008.2,64738,8.69901,0,126.3,6.6978
86,naive,3,SELL,9447,9447,1,10038.5,9977.77,573690,31.7749,0,575.1,7.9633
86,naive,4,SELL,1658,1658,1,9940.5,9960.61,-33348,-20.1134,0,510.9,0.6632
86,naive,5,SELL,9183,0,0,9879,0,0,9879,1,8.9,0
87,naive,0,BUY,6810,6810,1,10003.5,10005,10180,26.2493,0,453.3,2.724
87,naive,1,SELL,6000,6000,1,9923,9904.76,109428,17.238,0,544.8,4.503
87,naive,2,BUY,1446,1446,1,9854.5,9852.29,-3197,-2.21093,0,420.2,0.5784
87,naive,3,BUY,1562,1562,1,9777.5,9783.86,9940,6.36364,0,117.5,1.4058
87,naive,4,BUY,6882,6882,1,9840.5,9860.32,136392,56.6564,0,2936.7,4.6903
87,naive,5,BUY,9096,9096,1,9851.5,9869.13,160365,17.6303,0,441.3,3.6384
88,naive,0,BUY,6460,6460,1,10267.5,10296.6,187924,29.5904,0,1238,2.584
88,naive,1,BUY,8265,8265,1,10334.5,10380.8,382761,81.5421,0,552.2,5.746
88,naive,2,BUY,5849,5849,1,10420,10435.4,90304,15.4392,0,435.4,2.3396
88,naive,3,SELL,5830,5830,1,10227,10205.1,127953,16.9473,0,531.7,4.641
88,naive,4,SELL,8565,8565,1,10395.5,10335.1,517676,60.4409,0,546.6,7.079
88,naive,5,SELL,5090,5090,1,10421.5,10420.7,3937,0.773477,0,460.6,2.036
89,naive,0,SELL,4222,4222,1,10040,10010.3,125353,24.6904,0,426.5,1.6888
89,naive,1,SELL,6791,6791,1,10143,10106,251246,-44.5121,0,8975.3,6.1119
89,naive,2,SELL,919,919,1,10155,10152.4,2398,2.60936,0,627.4,0.3676
89,naive,3,SELL,9015,4622,0.512701,10123.5,10103.9,90766,7.31313,1,563.9,2.3103
89,naive,4,SELL,6350,5055,0.796063,9869.5,9834.88,175015,34.6221,1,1655.5,2.626
89,naive,5,SELL,9235,9235,1,9836,9804.99,286395,31.0119,0,449.2,3.694
90,naive,0,BUY,646,646,1,10001.5,10047.5,29738,46.0341,0,118.1,0.5814
90,naive,1,BUY,9647,997,0.103348,10074.5,10109.3,34670.5,20.2105,1,758.7,0.6698
90,naive,2,SELL,4630,3409,0.736285,9960.5,9909.68,173244,50.8197,1,1429.6,2.2481
90,naive,3,SELL,9888,1077,0.10892,9976.5,9927.55,52715.5,74.0911,1,2873,0.6428
90,naive,4,SELL,7491,7491,1,9903.5,9870.09,250282,33.4111,0,334.2,6.7419
90,naive,5,SELL,8341,8341,1,9895.5,9842.84,439248,52.6614,0,2004.2,4.8659
91,naive,0,BUY,5178,5178,1,9849,9856.98,41298,7.97567,0,430.7,2.0712
91,naive,1,BUY,8773,8773,1,9850.5,9886.76,318118,18.005,0,450.7,3.5092
91,naive,2,BUY,2412,2412,1,9996.5,9999.35,6879,2.85199,0,436.7,0.9648
91,naive,3,BUY,3872,3872,1,10011.5,10028.5,65928,17.0269,0,440.2,1.5488
91,naive,4,BUY,552,552,1,9887.5,9882,-3036,-5.5,0,364.7,0.4968
91,naive,5,BUY,6209,6209,1,9783.5,9820.76,231326,37.2566,0,7995.8,5.5881
92,naive,0,BUY,7163,5548,0.774536,10389,10413.8,137741,54.6093,1,941.3,2.3462
92,naive,1,SELL,9770,9770,1,10310,10306.3,36451,17.0765,0,423.9,3.908
92,naive,2,BUY,9570,9570,1,10148,10178.3,289851,36.6664,0,1925,8.613
92,naive,3,SELL,9896,9896,1,10293,10252.5,400720,40.4931,0,563.6,6.3819
92,naive,4,BUY,9185,8144,0.886663,10307.5,10354.3,381383,76.5154,1,1320,5.0416
92,naive,5,BUY,3711,3436,0.925896,10210,10272.1,213511,80.9999,1,628,1.9309
93,naive,0,BUY,8935,8935,1,9945,9994.32,440654,49.3177,0,1299.2,3.574
93,naive,1,BUY,4699,4699,1,9956.5,9996.33,187170,39.832,0,124.3,4.2291
93,naive,2,SELL,3518,678,0.192723,9867.5,9859.93,5131,8.60735,1,3578.1,0.3132
93,naive,3,BUY,921,921,1,9844,9846,1842,-7.52764,0,412.3,0.3684
93,naive,4,SELL,5796,4251,0.733437,9752,9715.13,156752,36.8741,1,540.8,2.1759
93,naive,5,SELL,8490,6278,0.739458,9845,9795.03,313709,49.9696,1,556.5,3.2912
94,naive,0,SELL,9790,0,0,9878,0,0,9878,1,13.6,0
94,naive,1,BUY,7795,7795,1,10149.5,10150.5,7588.5,0.973509,0,122.6,7.0155
94,naive,2,BUY,3850,3850,1,9978,9999.64,83305,29.1293,0,964.5,1.54
94,naive,3,BUY,3060,3060,1,9911.5,9943.66,98423,32.1644,0,155.1,2.754
94,naive,4,SELL,5230,4524,0.86501,9854,9834.31,89070,94.5516,1,542,2.2141
94,naive,5,BUY,4045,4045,1,9835,9855.76,83972,20.7595,0,424.3,1.618
95,naive,0,BUY,4069,4069,1,10043,10052,36457,74.0746,0,468.1,1.6276
95,naive,1,SELL,1118,1118,1,10002,10000,2236,2,0,1712.1,0.4472
95,naive,2,SELL,2072,2072,1,10070,10040.7,60640,29.2664,0,120.3,1.8648
95,naive,3,BUY,9620,9620,1,10267.5,10285.1,168862,17.877,0,565.4,6.432
95,naive,4,BUY,1867,1867,1,10295,10309.8,27630,35.7991,0,422.2,0.7468
95,naive,5,SELL,9338,9338,1,10205,10188.9,150013,16.0648,0,709.8,3.7352
96,naive,0,BUY,6380,6380,1,10009,10078.3,442428,69.3461,0,499.5,2.552
96,naive,1,SELL,8487,8487,1,10033.5,10001,275817,32.4987,0,420.5,3.3948
96,naive,2,BUY,883,883,1,10036.5,10075.2,34176.5,38.705,0,110.4,0.7947
96,naive,3,BUY,8198,5672,0.691876,10001.5,10070.9,393880,69.4429,1,5036.7,3.2648
96,naive,4,BUY,2207,2207,1,9905,9955.34,111099,50.3394,0,4949.8,1.9863
96,naive,5,SELL,2897,398,0.137384,9893,9863.8,11623,29.2035,1,420.3,0.1592
97,naive,0,SELL,8893,8893,1,10033.5,9999.01,306675,17.6319,0,120.4,8.0037
97,naive,1,BUY,2910,1810,0.621993,10057.5,10086.1,51704,28.5657,1,423,0.724
97,naive,2,SELL,7186,7186,1,10020,9998.91,151579,21.0937,0,7762.5,2.8744
97,naive,3,SELL,2523,2523,1,9996,9992.94,7721,-17.4767,0,736.5,2.2707
97,naive,4,BUY,7792,0,0,9996,0,-0,-9996,1,11.6,0
97,naive,5,SELL,1736,1736,1,9799,9810.62,-20179,-11.6238,0,424.4,0.6944
98,naive,0,BUY,3050,3050,1,10000.5,10001,1525,0.5,0,4205.7,2.745
98,naive,1,SELL,1928,1928,1,10087,10065,42384,32.9591,0,12716,0.7712
98,naive,2,SELL,6928,6928,1,10109,10138.2,-202242,-39.4648,0,35632.7,2.7712
98,naive,3,SELL,8613,8613,1,10122.5,10092.3,260315,11.4825,0,11543.6,3.4452
98,naive,4,BUY,7988,7988,1,10090,10146.9,454377,56.8824,0,7667.6,7.1892
98,naive,5,BUY,7170,7170,1,10005.5,10032.4,192813,26.8916,0,142.8,6.453
99,naive,0,BUY,5702,5702,1,9872.5,9943.63,405584,71.1301,0,1535.5,5.1318
99,naive,1,BUY,4782,4782,1,9844,9845,4782,1,0,7220,4.3038
99,naive,2,BUY,9690,9690,1,9832,9844.86,124578,12.8563,0,1159.8,3.876
99,naive,3,BUY,9087,9087,1,9832.5,9855.49,208866,22.9851,0,141.5,8.1783
99,naive,4,SELL,2449,2449,1,9861.5,9824.59,90402.5,36.914,0,136.3,2.2041
99,naive,5,BUY,9349,9349,1,9898.5,9884,-135539,-14.4978,0,641.2,3.7396
100,naive,0,BUY,5164,5164,1,9621.5,9610.87,-54889,50.8142,0,7322.2,3.6901
100,naive,1,SELL,7165,7165,1,9660.5,9624.05,261162,-17.9382,0,15649.4,6.4485
100,naive,2,SELL,1923,1923,1,9503.5,9598.28,-182252,-1.72706,0,10746.2,0.7692
100,naive,3,BUY,6140,5860,0.954397,9733.5,9765.43,187114,46.0298,1,7067.8,3.4955
100,naive,4,BUY,4022,4022,1,9633,9643.28,41333,10.2767,0,1824.9,1.6088
100,naive,5,SELL,650,650,1,9715.5,9717.6,-1367,-4.90359,0,17465,0.26
101,naive,0,SELL,8659,8659,1,9862,9828.3,291781,33.6968,0,582.4,4.5861
101,naive,1,SELL,2985,2985,1,9430,9418.9,33120,23.332,0,424.7,1.194
101,naive,2,BUY,6910,6910,1,9488.5,9443.14,-313410,1.76729,0,9856.1,3.8145
101,naive,3,BUY,4631,4631,1,9357.5,9409.67,241585,52.1668,0,1526.8,1.8524
101,naive,4,BUY,6772,5896,0.870644,9341.5,9363.68,130794,78.4736,1,4879.7,2.6254
101,naive,5,SELL,5995,5144,0.858048,9080.5,9064.87,80381,16.1262,1,2167.7,3.3826
102,naive,0,BUY,8186,8186,1,9572,9603.92,261318,35.9143,0,13345.6,3.2744
102,naive,1,SELL,891,891,1,9235,9221.01,12466,26.4112,0,743.5,0.3564
102,naive,2,BUY,6529,6529,1,9432,9445.47,87972,23.5883,0,424.1,2.6116
102,naive,3,BUY,6510,6510,1,9141.5,9147.03,36011,-29.3317,0,5768.9,2.604
102,naive,4,BUY,4098,4098,1,9227,9245.24,74749,18.2404,0,7206.9,1.6392
102,naive,5,BUY,9470,7765,0.819958,9146.5,9209.75,491131,49.676,1,549.4,3.9145
103,naive,0,BUY,6518,6518,1,10456.5,10483.2,174350,33.3073,0,46220,4.7302
103,naive,1,BUY,8855,8855,1,10496,10526.8,273126,32.8443,0,10793.4,5.3495
103,naive,2,BUY,8757,8757,1,10567.5,10593.6,228652,47.9335,0,16915.6,5.1783
103,naive,3,SELL,8507,8507,1,10504,10488,136511,16.0469,0,138.2,7.6563
103,naive,4,BUY,3582,3582,1,10525.5,10550.9,91105,25.4341,0,6812.5,1.4328
103,naive,5,SELL,4534,4534,1,10616,10609.8,28128,6.20379,0,10516.3,1.8136
104,naive,0,SELL,4521,4521,1,9686,9650.45,160700,90.6061,0,1030.5,1.8084
104,naive,1,SELL,1789,1789,1,9921.5,9916.85,8326.5,-17.0224,0,2132.6,1.6101
104,naive,2,BUY,8375,6574,0.784955,9907.5,9964.29,373324,56.788,1,673.1,3.9291
104,naive,3,BUY,5188,5188,1,9642.5,9671.49,150386,-5.51272,0,463.3,2.0752
104,naive,4,SELL,3581,3581,1,9442.5,9385.68,203469,50.2737,0,825.1,1.4324
104,naive,5,SELL,4496,4496,1,9280.5,9283.93,-15430,-3.43194,0,606.1,1.7984
105,naive,0,SELL,4462,4462,1,10115,10078.1,164868,-87.904,0,992.9,1.7848
105,naive,1,BUY,7670,3854,0.502477,10124,10165.2,158721,37.1834,1,856.3,1.9151
105,naive,2,BUY,1961,1961,1,10145.5,10160.4,29188.5,29.4257,0,4454.8,1.7649
105,naive,3,BUY,2250,2250,1,9774,9782.3,18664,-3.40415,0,8826.2,2.025
105,naive,4,SELL,2267,2267,1,9595,9588.63,14440,14.0282,0,3652.4,0.9068
105,naive,5,SELL,2219,2219,1,9819,9821.21,-4895,8.88496,0,2493.2,1.9971
106,naive,0,BUY,5776,5776,1,10002,10003,5776,1,0,115.1,5.1984
106,naive,1,SELL,3976,3976,1,10001.5,10001,1988,0.5,0,567,3.5784
106,naive,2,SELL,8082,8082,1,9953.5,9946.8,54181,6.70391,0,435.5,3.2328
106,naive,3,SELL,2977,2977,1,9945.5,9910.77,103387,34.7284,0,2031.2,2.6728
106,naive,4,SELL,2226,2226,1,9642,9639.41,5767,1.35479,0,420.8,0.8904
106,naive,5,SELL,8506,8506,1,9556.5,9494.2,529897,62.2968,0,706,3.4024
107,naive,0,BUY,8461,8461,1,9611,9664.7,454361,6.88563,0,367.4,7.6149
107,naive,1,BUY,8451,8451,1,9663,9702.78,336167,42.4023,0,423.2,3.3804
107,naive,2,BUY,8893,8893,1,9625.5,9669.02,387064,47.1038,0,11158.2,7.1167
107,naive,3,BUY,4382,4382,1,9514.5,9549.49,153321,-0.529009,0,11724.3,3.9438
107,naive,4,BUY,7478,7478,1,9487,9549.23,465343,59.4384,0,721.1,5.7622
107,naive,5,BUY,6587,1118,0.169728,9538,9540.67,2989,2.67352,1,1411.4,0.4472
108,naive,0,SELL,6340,6340,1,9827,9808.67,116243,2.35683,0,2484.2,5.706
108,naive,1,BUY,7949,7949,1,9985.5,10038.7,422884,55.5521,0,901.4,7.1541
108,naive,2,SELL,6336,6336,1,9808.5,9793.72,93672,-27.8068,0,4854.8,5.7024
108,naive,3,BUY,524,524,1,9700.5,9701.53,539,1.02863,0,114.3,0.4716
108,naive,4,SELL,3846,3846,1,9670.5,9664.25,24050,3.4184,0,422.1,1.5384
108,naive,5,SELL,3612,3612,1,9349.5,9318.85,110722,84.9525,0,12698.2,1.4448
109,naive,0,SELL,4635,4635,1,9993,9992,4635,1,0,112.4,4.1715
109,naive,1,SELL,9223,9223,1,10110,10029.2,745313,80.8103,0,256.7,8.3007
109,naive,2,BUY,8502,2023,0.237944,9999.5,10057.9,118181,33.9189,1,429.5,0.8092
109,naive,3,BUY,2123,2123,1,9841,9836,-10615,-5,0,714.2,0.8492
109,naive,4,SELL,9534,9534,1,9838.5,9812.52,247689,31.5053,0,2021.5,5.7426
109,naive,5,SELL,6871,6871,1,9829.5,9808.14,146738,21.3562,0,444.3,2.7484
110,naive,0,BUY,5695,5695,1,10010.5,10030.9,116263,13.6354,0,3069.8,3.6505
110,naive,1,SELL,7196,7196,1,9548,9515.52,233703,33.3687,0,1121.1,4.7134
110,naive,2,SELL,4333,4333,1,9462,9418.16,189974,54.8046,0,921.9,3.6932
110,naive,3,SELL,828,828,1,9400,9398.31,1403,-38.4024,0,104.1,0.7452
110,naive,4,BUY,2154,2154,1,9746.5,9804.67,125293,57.7643,0,313.5,1.9386
110,naive,5,SELL,3074,3074,1,9794.5,9786.68,24035,7.8188,0,169.6,2.7666
111,naive,0,BUY,9288,9288,1,9873.5,9927.09,497754,53.5911,0,518.6,3.7152
111,naive,1,BUY,3008,3008,1,9831,9839.25,24806,8.24668,0,7163.9,2.7072
111,naive,2,BUY,519,519,1,9686,9679,-3633,-1.78422,0,412,0.2076
111,naive,3,BUY,6548,6548,1,9726,9725.97,-229,-0.0349725,0,423.3,2.6192
111,naive,4,BUY,7491,7491,1,9695.5,9785.99,677830,90.4858,0,454,2.9964
111,naive,5,SELL,4795,4795,1,9747.5,9695.5,249341,82.3137,0,2784.6,3.362
112,naive,0,BUY,2566,2566,1,10185.5,10191.1,14297,5.57171,0,429.5,1.0264
112,naive,1,SELL,2171,2171,1,9920,9908.54,24881,108.311,0,3742.9,0.8684
112,naive,2,SELL,3601,3601,1,9936.5,9931.42,18303.5,5.08289,0,419.3,1.4404
112,naive,3,SELL,3457,3457,1,9727,9739.1,-41825,-24.085,0,429,1.3828
112,naive,4,BUY,6450,6450,1,9927,9946.4,125110,17.1973,0,445.5,2.58
112,naive,5,BUY,2618,2618,1,10270,10313.5,113826,50.2213,0,972.6,1.0472
113,naive,0,SELL,8302,8302,1,9699.5,9665.37,283377,51.2609,0,2042.4,7.4718
113,naive,1,BUY,4012,4012,1,10172.5,10209.3,147807,7.18257,0,533,2.8673
113,naive,2,BUY,2422,2422,1,10345,10348.3,7987,-14.7023,0,1272.1,0.9688
113,naive,3,SELL,1784,1784,1,10172.5,10176,-6265,-3.51177,0,376.2,1.6056
113,naive,4,BUY,4799,4799,1,9891.5,9932.39,196247,108.979,0,25027.4,4.3191
113,naive,5,BUY,3544,3544,1,9828.5,9853.16,87388,24.658,0,13514.2,3.1896
114,naive,0,BUY,1666,1666,1,10312,10317.6,9339,26.7277,0,479.1,1.4994
114,naive,1,BUY,8474,8474,1,10355.5,10392.1,310115,36.5961,0,888.9,3.3896
114,naive,2,BUY,9523,9523,1,10414.5,10428.2,130837,34.0855,0,38576.8,6.5522
114,naive,3,BUY,2198,2198,1,10225,10233.9,19536,-82.0299,0,24367.1,1.9782
114,naive,4,BUY,2678,2678,1,10642.5,10646.1,9628,9.39196,0,428.6,1.0712
114,naive,5,BUY,2313,2313,1,10533,10572.9,92283,39.8975,0,612.8,1.1892
115,naive,0,BUY,6802,4512,0.663334,9694,9713.64,88609,19.6385,1,774,2.0393
115,naive,1,BUY,3156,1124,0.356147,9716.5,9731.33,16670,14.831,1,5627.9,0.5566
115,naive,2,SELL,3920,3920,1,9844,9818.52,99877,16.4558,0,3703.3,3.528
115,naive,3,BUY,6841,6841,1,9916,9938.7,155269,46.413,0,5261.4,4.9184
115,naive,4,SELL,5229,5229,1,9811,9781.31,155246,-0.701529,0,4176.9,2.0916
115,naive,5,SELL,3453,3453,1,9577,9540.38,126461,16.5072,0,6104.9,3.1077
116,naive,0,SELL,1622,1622,1,10088.5,10072.9,25344,15.6252,0,311.5,1.4598
116,naive,1,BUY,7999,7999,1,10165.5,10198.4,263105,20.8187,0,17153.5,3.1996
116,naive,2,SELL,1427,1427,1,10266,10249.8,23102,16.1892,0,732.5,0.5708
116,naive,3,BUY,3415,3415,1,10171.5,10186.7,52051.5,23.61,0,1647,3.0735
116,naive,4,BUY,1034,1034,1,10142.5,10141.9,-668,0.260141,0,2819.3,0.4136
116,naive,5,SELL,3191,3191,1,10037.5,10002.9,110496,37.0234,0,255.6,2.8719
117,naive,0,BUY,9169,9169,1,9760,9809.69,455647,49.6943,0,1607.9,8.2521
117,naive,1,SELL,8202,8202,1,9819.5,9762.26,469504,57.2426,0,5542.9,7.3818
117,naive,2,BUY,2290,2290,1,9870.5,9900.68,69109,30.1786,0,434.9,0.916
117,naive,3,BUY,9004,9004,1,9815.5,9876.34,547776,100.22,0,1081.1,3.6016
117,naive,4,BUY,9880,9880,1,9682.5,9729.84,467718,47.3399,0,170.2,8.892
117,naive,5,SELL,5199,5199,1,9672,9649.51,116948,51.7438,0,435.7,2.0796
118,naive,0,SELL,2212,2212,1,9861.5,9861,1106,0.5,0,104.2,1.9908
118,naive,1,SELL,6937,6937,1,9627,9524.78,709082,102.217,0,2322.4,6.2433
118,naive,2,SELL,2064,2064,1,9913.5,9915.03,-3160,5.34395,0,129.3,1.8576
118,naive,3,SELL,7303,7303,1,9699.5,9681.31,132829,18.1883,0,544.8,3.6047
118,naive,4,SELL,3117,3117,1,9178,9153.76,75571,24.2448,0,120.8,2.8053
118,naive,5,SELL,8164,0,0,8932.5,0,0,8972.69,1,664.9,0
119,naive,0,BUY,4527,4527,1,10153.5,10188.4,157989,48.1792,0,1863.7,2.9148
119,naive,1,BUY,1651,1651,1,9992.5,10000.3,12857.5,6.18821,0,440.9,0.6604
119,naive,2,SELL,2287,2287,1,9903,9897.7,12115,37.8892,0,1420.5,2.0583
119,naive,3,SELL,2920,2920,1,9533.5,9516.92,48402,85.6132,0,515.1,2.628
119,naive,4,BUY,8413,4703,0.559016,9384,9406.65,106509,46.0505,1,423.6,1.8812
119,naive,5,BUY,9807,4994,0.509228,9385.5,9480.44,474138,14.5774,1,8207.9,1.9976
120,naive,0,SELL,2917,2917,1,9313,9272.85,117122,25.1515,0,124.3,2.6253
120,naive,1,SELL,2480,2480,1,9379.5,9358.14,52985,21.3649,0,417.8,0.992
120,naive,2,SELL,2222,0,0,8985,0,0,9007.52,1,2500,0
120,naive,3,BUY,7380,7380,1,9051,9066.42,113825,25.4537,0,432.3,2.952
120,naive,4,BUY,718,718,1,8887,8888,718,-51.0813,0,7691.8,0.2872
120,naive,5,SELL,9488,9488,1,9232.5,9219.85,119998,-43.2209,0,2526.1,3.7952
121,naive,0,BUY,5701,5701,1,10169.5,10183.8,81805.5,14.3493,0,464.6,2.2804
121,naive,1,BUY,6904,6904,1,10146.5,10175.9,202668,-24.4113,0,752.4,2.7616
121,naive,2,BUY,600,600,1,10102.5,10099,-2100,-27.6163,0,412.9,0.24
121,naive,3,BUY,2118,2118,1,9891.5,9905.81,30307,13.8093,0,110.3,1.9062
121,naive,4,BUY,7560,7560,1,10198.5,10245.4,354424,9.41814,0,1193.3,5.809
121,naive,5,BUY,611,611,1,10548.5,10554.9,3937.5,6.5111,0,1933.2,0.5499
122,naive,0,SELL,2525,2525,1,9792,9742.87,124043,49.1259,0,204.9,2.2725
122,naive,1,BUY,901,901,1,9670.5,9672.12,1462.5,2.00946,0,799.1,0.8109
122,naive,2,BUY,7011,7011,1,9603,9621.07,126664,-48.884,0,496.3,2.8044
122,naive,3,BUY,4987,4987,1,9781,9807.29,131110,27.314,0,534.7,4.1063
122,naive,4,BUY,2631,2631,1,9684.5,9701.7,45261.5,-14.9972,0,313,2.3679
122,naive,5,BUY,592,592,1,9979,9987.65,5122,66.5109,0,1229.5,0.5328
123,naive,0,BUY,9284,6745,0.726519,10112,10149.8,255114,30.4794,1,562.3,3.549
123,naive,1,BUY,3383,3383,1,9947.5,9993.26,154807,33.1123,0,559,2.5972
123,naive,2,BUY,6565,6565,1,9588.5,9608.12,128805,15.8985,0,418,2.626
123,naive,3,BUY,6783,6783,1,9468,9480.83,87019,14.4052,0,543,5.4867
123,naive,4,SELL,6635,6635,1,9390,9357.53,215454,43.9085,0,4217.5,5.5535
123,naive,5,SELL,8427,8427,1,9185.5,9141.8,368234,49.1869,0,11077,3.3708
124,naive,0,BUY,8888,8888,1,9971.5,10034.9,563573,63.1681,0,165,7.9992
124,naive,1,BUY,8998,8998,1,10049.5,10071.5,197753,44.4774,0,684.6,8.0982
124,naive,2,BUY,7495,7495,1,9714,9739.28,189505,16.3081,0,420.1,2.998
124,naive,3,BUY,9966,9966,1,9935,9956.11,210421,76.7801,0,3964.4,3.9864
124,naive,4,SELL,2519,2519,1,9581,9565.39,39334,15.6149,0,1555.9,1.0076
124,naive,5,SELL,6072,6072,1,9390.5,9316.85,447198,83.6314,0,1860.9,3.8498
125,naive,0,SELL,9416,9416,1,10191,10151.4,373289,21.6225,0,139.4,8.4744
125,naive,1,SELL,6214,6214,1,10393,10360.2,203883,-6.34275,0,121.4,5.5926
125,naive,2,SELL,2130,2130,1,10391.5,10387,9658,4.53427,0,428.8,0.852
125,naive,3,BUY,5356,5356,1,10289.5,10336.3,250584,32.0925,0,432.5,2.1424
125,naive,4,SELL,3294,3294,1,10187,10165.8,69890,21.2174,0,717.1,2.9646
125,naive,5,SELL,4334,4334,1,9974,9933.84,174068,86.3091,0,523.3,3.3481
126,naive,0,SELL,4885,4885,1,9060.5,9044.24,79415.5,10.7917,0,1745.1,3.416
126,naive,1,SELL,4489,4489,1,9041.5,9025.89,70088.5,18.9763,0,9603.5,3.3436
126,naive,2,BUY,5898,5898,1,9035,9060.39,149733,25.3871,0,4355.9,5.3082
126,naive,3,SELL,8357,0,0,8887.5,0,0,8913.42,1,595.8,0
126,naive,4,SELL,1398,0,0,8674.5,0,0,8672,1,292.3,0
126,naive,5,SELL,6966,0,0,8896,0,0,8889.1,1,987.4,0
127,naive,0,BUY,6568,6568,1,9855.5,9849.07,-42241,-0.380946,0,413.7,2.6272
127,naive,1,BUY,8095,8095,1,10080,10108.8,232946,24.5531,0,1902.6,4.897
127,naive,2,BUY,3220,3220,1,9846,9885.87,128382,98.036,0,1826,2.898
127,naive,3,SELL,845,845,1,9959,9953.87,4333,7.11124,0,5698.3,0.338
127,naive,4,SELL,6072,6072,1,9537.5,9492.67,272212,37.8685,0,746.8,3.3478
127,naive,5,BUY,5256,5256,1,9617.5,9637.38,104475,19.8773,0,436,2.1024
128,naive,0,SELL,8386,8386,1,10150.5,10155,-37775,-4.50453,0,432.4,3.3544
128,naive,1,BUY,6471,6471,1,10150,10162.5,81164,12.5427,0,1348.6,5.8239
128,naive,2,SELL,2731,2731,1,10156,10154.7,3420,8.58562,0,37194.1,1.0924
128,naive,3,BUY,7907,7907,1,10153.5,10162.1,68301.5,8.63811,0,7934,3.1628
128,naive,4,BUY,4993,4993,1,10156,10217.3,306278,61.3415,0,7379.4,4.0102
128,naive,5,SELL,3304,3304,1,10225.5,10203,74470,26.0861,0,2906.8,2.9736
129,naive,0,SELL,2363,2363,1,10202,10180.5,50919,6.25856,0,13252.5,2.1267
129,naive,1,SELL,6763,6763,1,10007.5,10006.5,6888.5,13.9167,0,7701.7,2.7052
129,naive,2,BUY,3629,3629,1,9743.5,9743.47,-100.5,-56.9165,0,719.3,1.4516
129,naive,3,SELL,7043,7043,1,9589.5,9532.35,402500,62.3203,0,2832.1,2.8172
129,naive,4,BUY,7022,4899,0.697664,9539.5,9601.17,302133,84.1221,1,1510.9,2.2601
129,naive,5,BUY,1795,1795,1,9244.5,9241.38,-5601.5,78.122,0,39391.3,1.6155
130,naive,0,BUY,3301,3301,1,9868.5,9938.02,229484,69.5194,0,933.2,1.3204
130,naive,1,BUY,7599,1209,0.1591,9869.5,9947.47,94262.5,77.9673,1,662.6,0.9566
130,naive,2,SELL,4616,4616,1,9910,9822.38,404458,87.6209,0,850.4,2.2339
130,naive,3,BUY,6927,0,0,9815,0,-0,-9815,1,347.8,0
130,naive,4,BUY,8342,0,0,9815,0,-0,-9815,1,16729.5,0
130,naive,5,BUY,1779,0,0,9815,0,-0,-9815,1,19.7,0
131,naive,0,BUY,1421,1421,1,9997.5,9998.83,1895.5,1.33392,0,850,1.2789
131,naive,1,BUY,1694,1694,1,9997.5,9998.89,2351,1.38784,0,431.2,0.6776
131,naive,2,SELL,4370,4370,1,9997.5,9997,2185,-43.8978,0,37064.1,3.933
131,naive,3,BUY,9276,9276,1,9997.5,9999,13904,1.49892,0,5353,3.7104
131,naive,4,BUY,4384,4384,1,9998,9999,4384,1,0,763.8,3.9456
131,naive,5,SELL,8770,8770,1,9998,9962.15,314441,35.8542,0,527.1,7.893
132,naive,0,SELL,1475,1475,1,10072,10044.8,40140,50.2631,0,12372.9,1.3275
132,naive,1,BUY,2524,2524,1,10093,10090.8,-5608,12.7781,0,9709.3,1.0096
132,naive,2,BUY,7364,4881,0.662819,10099.5,10116.4,82531.5,41.3991,1,7789.3,2.4039
132,naive,3,BUY,2472,2472,1,10140.5,10139,-3708,-1.5,0,650.5,2.2248
132,naive,4,SELL,8813,8813,1,10140.5,10129.2,99443.5,11.2837,0,474,3.5252
132,naive,5,BUY,914,914,1,10141,10139,-1828,-2,0,5824.5,0.8226
133,naive,0,BUY,1263,1263,1,9987,9988,1263,1,0,3043.2,1.1367
133,naive,1,BUY,1835,1835,1,9987.5,9988,917.5,0,0,5104.3,1.6515
133,naive,2,BUY,2313,2313,1,9987.5,9988,1156.5,0.5,0,12764.2,0.9252
133,naive,3,SELL,5746,5746,1,9987.5,9986,8612,47.1775,0,12890.5,5.1714
133,naive,4,BUY,3251,3251,1,9991.5,9988,-11378.5,-53.9227,0,427.1,1.3004
133,naive,5,BUY,9941,9941,1,9994,9998.21,41816,4.20642,0,443.1,3.9764
134,naive,0,BUY,5207,5207,1,10003.5,10005,7798.5,1.4977,0,140.2,4.6863
134,naive,1,SELL,5140,5140,1,10003.5,10003,2570,0.5,0,114,4.626
134,naive,2,BUY,1633,1633,1,10003.5,10004.9,2328.5,1.4259,0,12102,0.6532
134,naive,3,SELL,8887,8887,1,10004,9986.21,158079,17.7877,0,279.2,7.9983
134,naive,4,SELL,7134,7134,1,10004,10003,7134,1,0,17014.1,2.8536
134,naive,5,BUY,6993,6993,1,10004,10005,7133,1.02002,0,4617,6.2937
135,naive,0,BUY,1404,1404,1,9992,9993,1404,1,0,3716.7,1.2636
135,naive,1,BUY,4421,4421,1,9992,9993.94,8588,1.94255,0,215,3.9789
135,naive,2,SELL,4143,4143,1,9995,9991,16554,3.99566,0,113.9,3.7287
135,naive,3,BUY,9393,9393,1,9992,9993,9393,1,0,427,3.7572
135,naive,4,SELL,3486,3486,1,9992,9991,3486,1,0,5982.6,3.1374
135,naive,5,SELL,8711,8711,1,9992,9958.99,287530,33.0077,0,832,7.8399
136,naive,0,BUY,2290,2290,1,10001.5,10003,3362,1.46812,0,2195,0.916
136,naive,1,SELL,5894,5894,1,10002,10001,5894,1,0,138.9,5.3046
136,naive,2,SELL,8287,8287,1,10002,9977.23,205263,24.7693,0,150.8,7.4583
136,naive,3,SELL,9400,9400,1,10002,10001,9400,1,0,8485.2,3.76
136,naive,4,BUY,1195,1195,1,10002,10003,1195,-38.9599,0,1172.2,1.0755
136,naive,5,BUY,2870,2870,1,10002,10003,2870,1,0,2615.9,2.583
137,naive,0,SELL,805,805,1,9577,9564.82,9807,60.5884,0,25967.2,0.322
137,naive,1,BUY,5729,5729,1,9491,9547.67,324677,56.6725,0,14663.3,5.1561
137,naive,2,BUY,8531,8531,1,9498,9508.62,90639,-5.13706,0,10559.4,3.4124
137,naive,3,BUY,8809,8809,1,9646,9689.81,385927,66.1622,0,67284.1,6.3646
137,naive,4,BUY,787,787,1,9636.5,9652.33,12455.5,92.5717,0,89694.8,0.7083
137,naive,5,SELL,5770,5770,1,9484,9426.93,329276,-2.71423,0,6421.5,4.426
138,naive,0,BUY,670,670,1,9766,9777.09,7431,-52.1895,0,16065.8,0.603
138,naive,1,SELL,3354,3354,1,9681.5,9681.22,944,31.7033,0,8632.7,1.3416
138,naive,2,SELL,9633,9633,1,9868,9840.46,265285,67.3245,0,2614.2,3.8532
138,naive,3,BUY,1587,1587,1,9676.5,9686.52,15909.5,24.8619,0,4400.8,0.6348
138,naive,4,BUY,5885,5885,1,9579.5,9601.27,128109,-7.97362,0,10669.1,2.354
138,naive,5,BUY,3167,3167,1,9668.5,9680.09,36720.5,11.5947,0,283.4,2.8503
139,naive,0,BUY,5455,5455,1,10153.5,10150.1,-18399.5,-8.65864,0,234.3,4.9095
139,naive,1,BUY,644,644,1,9933.5,9934,322,0.5,0,1340.5,0.5796
139,naive,2,SELL,3908,3908,1,9984,9949.87,133378,34.1295,0,9110.9,1.5632
139,naive,3,BUY,1833,1833,1,10097,10094.2,-5129,-2.79815,0,17660.5,0.7332
139,naive,4,SELL,9172,9172,1,10007.5,9988.07,178183,19.4268,0,647.1,5.3393
139,naive,5,SELL,3956,3956,1,9915.5,9881.29,135346,58.3346,0,9774.4,3.2869
140,naive,0,BUY,7266,7266,1,10195.5,10200.4,35500,4.88577,0,423.3,2.9064
140,naive,1,SELL,5457,5457,1,10268,10228.1,217684,11.7602,0,443.1,2.1828
140,naive,2,BUY,1158,1158,1,10247,10246.9,-166,-0.143351,0,426,0.4632
140,naive,3,SELL,5471,5471,1,10301.5,10271.3,165234,30.2019,0,484.7,2.1884
140,naive,4,SELL,6296,6296,1,10438.5,10419.6,119294,-11.2083,0,777.8,2.5184
140,naive,5,BUY,4444,4444,1,10162.5,10180.4,79572,25.9801,0,755,1.7776
141,naive,0,BUY,555,555,1,9954.5,9965.1,5880.5,10.5955,0,3256.6,0.4995
141,naive,1,SELL,3261,3261,1,9894.5,9882.16,40254.5,33.4657,0,7771.6,1.3044
141,naive,2,BUY,5042,5042,1,9851.5,9862.57,55833,11.0736,0,1127,2.0168
141,naive,3,BUY,8060,8060,1,10043,10062.2,154453,2.66115,0,970.8,3.224
141,naive,4,SELL,7342,7342,1,10192,10183.2,64407,8.77241,0,434.9,2.9368
141,naive,5,SELL,7460,7460,1,10238.5,10225.4,97423,13.0594,0,4579.8,4.578
142,naive,0,SELL,4282,4282,1,10096,10078.4,75562,17.6464,0,125.4,3.8538
142,naive,1,BUY,6821,6821,1,10135,10168.1,226019,33.1358,0,2084.1,6.1389
142,naive,2,SELL,7314,7314,1,10057.5,10003.8,392650,53.6847,0,440.3,2.9256
142,naive,3,BUY,8572,8572,1,10181.5,10208.2,228723,42.1278,0,535.1,4.6428
142,naive,4,BUY,9210,9210,1,10070.5,10122.1,475128,28.8715,0,20520.2,5.7965
142,naive,5,SELL,3886,3886,1,9970,9952.71,67196,17.2918,0,563.1,3.4084
143,naive,0,BUY,878,878,1,10431.5,10460.2,25179,32.7113,0,263.5,0.7902
143,naive,1,SELL,8538,7924,0.928086,10407.5,10326.1,645199,74.3852,1,2063.6,3.4616
143,naive,2,BUY,9901,9901,1,10499,10524.1,248572,25.1057,0,557.6,6.3124
143,naive,3,BUY,9555,9555,1,10213,10270.2,546566,57.2021,0,3365.7,8.5995
143,naive,4,SELL,8542,8542,1,10354.5,10323.5,264541,22.9014,0,4600.4,3.4168
143,naive,5,SELL,5032,5032,1,10523.5,10540.8,-87053,-53.3921,0,497,2.0128
144,naive,0,BUY,8144,6710,0.823919,10101,10146,302120,45.0725,1,5167.6,3.9495
144,naive,1,BUY,6014,6014,1,9936.5,9969.72,199788,-24.8525,0,3954.9,2.4056
144,naive,2,SELL,3983,3983,1,10034.5,10047.1,-50057.5,-41.1346,0,421.1,1.5932
144,naive,3,BUY,9886,9886,1,9974,9995.47,212236,17.8606,0,2064.5,3.9544
144,naive,4,BUY,2539,2539,1,10064.5,10083,46925.5,-62.4171,0,63910.5,2.2851
144,naive,5,BUY,9027,9027,1,10274.5,10297.6,208273,19.3513,0,1235.6,5.8123
145,naive,0,SELL,7833,7833,1,9942,9879.45,489937,62.5478,0,834.5,7.0497
145,naive,1,SELL,1374,1374,1,9732,9704.2,38194,12.7464,0,15620.5,1.2366
145,naive,2,BUY,4060,4060,1,9716.5,9700.13,-66463,-16.3702,0,1949.9,1.624
145,naive,3,SELL,6465,6465,1,10011,9993.31,114340,32.048,0,5228.3,2.586
145,naive,4,BUY,9975,9975,1,10071.5,10122.3,506424,50.7693,0,448,3.99
145,naive,5,SELL,5542,5542,1,10070.5,10062.2,45862,8.27535,0,113.1,4.9878
146,naive,0,BUY,9025,9025,1,9864.5,9870.75,56389.5,-8.99843,0,7406.1,3.61
146,naive,1,SELL,6377,6377,1,9887.5,9828.17,378335,35.3975,0,2574.1,2.5508
146,naive,2,BUY,4581,4581,1,10024,10053.6,135388,43.9393,0,384,4.1229
146,naive,3,SELL,8924,8924,1,10110,10092,160515,20.8191,0,464,3.5696
146,naive,4,BUY,3451,3451,1,10298,10316.4,63586,18.4254,0,12956.8,1.3804
146,naive,5,BUY,9252,9252,1,10352,10410.5,541230,58.4987,0,12155.7,3.7008
147,naive,0,BUY,505,505,1,9845.5,9845.8,150.5,0.29802,0,1146.1,0.202
147,naive,1,SELL,8436,8436,1,9706.5,9684.7,183869,26.2958,0,487.6,7.5924
147,naive,2,SELL,7883,7883,1,9850.5,9798.92,406631,51.5832,0,143.4,7.0947
147,naive,3,SELL,8225,8225,1,9737,9705.8,256640,-7.79757,0,451.7,3.29
147,naive,4,SELL,9674,9674,1,9776.5,9734.5,406322,42.0014,0,541.1,3.9826
147,naive,5,SELL,5466,5466,1,9424,9392.47,172362,27.2368,0,2093.2,4.1079
148,naive,0,BUY,6576,6576,1,9890,9905.42,101370,36.1627,0,444.9,2.6304
148,naive,1,BUY,3545,3545,1,9856,9898.57,150901,110.258,0,6626.3,1.418
148,naive,2,BUY,680,680,1,9627.5,9636.35,6021,-20.6456,0,4167.2,0.612
148,naive,3,BUY,9631,4608,0.478455,9648,9694.09,212361,64.1112,1,1682.4,3.1042
148,naive,4,BUY,7378,7378,1,9509,9540.71,233932,31.7067,0,447.3,2.9512
148,naive,5,SELL,7009,7009,1,9340.5,9288.39,365268,43.2237,0,16112.3,6.3081
149,naive,0,BUY,6322,6322,1,9913,9991.4,495641,78.3994,0,565.3,4.8263
149,naive,1,SELL,2725,856,0.314128,9878,9825.83,44654,64.1659,1,1101.7,0.4409
149,naive,2,BUY,1877,1877,1,9829,9844.67,29404,-18.3886,0,9301.3,1.6893
149,naive,3,SELL,8943,8943,1,10024,9950.01,661690,73.9897,0,5520.4,8.0487
149,naive,4,SELL,5881,5881,1,9976,9989,-76453,-13,0,414.6,2.3524
149,naive,5,SELL,2348,2348,1,10144.5,10143.4,2539,1.08135,0,422.9,0.9392
